row_number,original_comment,translated_comment
3,ï¿¼â¤â¤â¤â¤â¤â¤â¤â¤â¤â¤â¤â¤â¤â¤â¤â¤â¤â¤â¤â¤â¤ğŸ˜°ğŸ˜­ğŸ˜­ğŸ˜­ğŸ˜­ğŸ˜­ğŸ˜–ğŸ˜”,ï¿¼â¤â¤â¤â¤â¤â¤â¤â¤â¤â¤â¤â¤â¤â¤â¤â¤â¤â¤â¤â¤â¤ğŸ˜°ğŸ˜­ğŸ˜­ğŸ˜­ğŸ˜­ğŸ˜­ğŸ˜–ğŸ˜”
4,Sorry to me ğŸ•ºğŸ»ğŸ™‚â€â†”ï¸,Sorry to me  ğŸ•ºğŸ»ğŸ™‚
5,Im in love with the girl in the Chicago Bulls jerseyâ¤â¤â¤,Im in love with the girl in the Chicago Bulls jersey
11,October 2024  Date 20ğŸ˜‚,October 2024  Date 20 ğŸ˜‚
12,20 October 2024 ? ğŸ˜¢,20 October 2024   ğŸ˜¢
15,ğŸ‘ğŸ‘ğŸ‘ğŸ‘ğŸ‘ğŸ‘ğŸ‘ğŸ¤®,ğŸ‘ğŸ‘ğŸ‘ğŸ‘ğŸ‘ğŸ‘ğŸ‘ğŸ¤®
18,Any bangali is here ğŸ˜Š,Any bangali is here ğŸ˜Š
19,Hey ğŸ‘‹ğŸ»,Hey  ğŸ‘‹ğŸ»
20,Hey ğŸ‘‹ğŸ»,Hey  ğŸ‘‹ğŸ»
21,Meu Deus jÃ¡ tem 8 anos que eu escuto essa mÃºsica e ela continua sendo a minha preferida â¤,My God, I've been listening to this song for 8 years now and it's still my favorite.
24,October 2024â¤?,October 2024
25,20-october 2024 anyone â“,20october 2024 anyone
26,3.8B!!??????? ğŸ˜®ğŸ˜®ğŸ˜®ğŸ˜®,38B ğŸ˜®ğŸ˜®ğŸ˜®ğŸ˜®
31,Peak jb daysâ˜ï¸,Peak jb days
37,Fashion back then scares meğŸ˜°,Fashion back then scares me ğŸ˜°
40,Who's still here October 2024â¤â¤??,Whos still here October 2024
41,Belieber foreverğŸ’œ,Belieber forever ğŸ’œ
44,This sorry for Selena Gomez maybe ğŸ¤”â¤ğŸ˜‚ 2024,This sorry for Selena Gomez maybe  2024 ğŸ¤”ğŸ˜‚
46,Y love music âœ¨â˜ºï¸ğŸ,Y love music  ğŸ
47,â¤â¤â¤ğŸ‰ğŸ‰ğŸ‰,â¤â¤â¤ğŸ‰ğŸ‰ğŸ‰
49,Baby â¤ Completed ğŸ˜ƒ,Baby  Completed  ğŸ˜ƒ
54,BAEKHYUN PINEAPPLE SILCE MUSIC VIDEOâ¤
FIND IT,BAEKHYUN PINEAPPLE SILCE MUSIC VIDEO
FIND IT
55,2024ğŸ’ªğŸ» come on,2024 come on ğŸ’ªğŸ»
56,2024 ğŸ‡§ğŸ‡·,2024 ğŸ‡§ğŸ‡·
64,This will never get old.â¤,This will never get old
66,ğŸ‘ğŸ‘,ğŸ‘ğŸ‘
67,Te pedimos Sorry!!!ğŸ™ğŸ•Šï¸ğŸ’‹ y seguimos orando por ti eres un Ãngel canadiense....,We ask you Sorry and we continue praying for you, you are a Canadian Angel ğŸ™ğŸ•ŠğŸ’‹
68,Classe A ğŸ‘,Class A ğŸ‘
71,Aaaaaaahfnskdkkdjnfbdjaâ¤â¤â¤ğŸ‰,Aaaaaaahfnskdkkdjnfbdja ğŸ‰
74,Jb enough â¤ my brother,Jb enough  my brother
86,DIDDY HATE PEOPLEğŸ‘‡,DIDDY HATE PEOPLE ğŸ‘‡
87,ğŸ‡©ğŸ‡¿ğŸ˜ğŸ‡©ğŸ‡¿,ğŸ‡©ğŸ‡¿ğŸ˜ğŸ‡©ğŸ‡¿
90,MÃ©xico pide justicia para ti y Michael J.ğŸ˜¢ğŸ˜¢ğŸ˜¢ğŸ˜¢ğŸ˜¢ğŸ˜¢ğŸ˜¢ğŸ˜¢ğŸ˜¢,Mexico demands justice for you and Michael J. ğŸ˜¢ğŸ˜¢ğŸ˜¢ğŸ˜¢ğŸ˜¢ğŸ˜¢ğŸ˜¢ğŸ˜¢ğŸ˜¢
91,Quien en oct 2024.ğŸ˜¢ perdon y justicia para ti bb.de los demonios en la tierrağŸ˜¢ğŸ˜¢ğŸ˜¢ğŸ˜¢ğŸ˜¢ğŸ˜¢ğŸ˜¢ğŸ˜¢ğŸ˜¢ğŸ˜¢ğŸ˜¢ğŸ˜¢ğŸ˜¢ğŸ˜¢ğŸ˜¢ğŸ˜¢ğŸ˜¢ğŸ˜¢ğŸ˜¢,Who in October 2024 forgiveness and justice for you baby of the demons on earth ğŸ˜¢ğŸ˜¢ğŸ˜¢ğŸ˜¢ğŸ˜¢ğŸ˜¢ğŸ˜¢ğŸ˜¢ğŸ˜¢ğŸ˜¢ğŸ˜¢ğŸ˜¢ğŸ˜¢ğŸ˜¢ğŸ˜¢ğŸ˜¢ğŸ˜¢ğŸ˜¢ğŸ˜¢ğŸ˜¢
93,â¤,â¤
94,i love this songğŸ˜®ğŸ¤¡,i love this song ğŸ˜®ğŸ¤¡
95,Such a fun video. Class dancers â¤,Such a fun video Class dancers
102,My infance â¤â¤,My infance
103,Im sorry MS.magnolia I COULDNT' stop my feelings 4 you...â¤â¤â¤,Im sorry MSmagnolia I COULDNT stop my feelings 4 you
104,â¤â¤â¤â¤â¤â¤â¤â¤â¤â¤ğŸ˜‡ğŸ˜‡ğŸ˜‡ğŸ˜‡ğŸ’ğŸ’ğŸ’ğŸ’ğŸ’ğŸ’ŸğŸ¤£ğŸ˜‡ğŸ‘„ğŸ’–ğŸ’•ğŸ’”ğŸ’“â¤ğŸ’‹ğŸ’—ğŸ’™ğŸ’šğŸ’›ğŸ§¡ğŸ’œğŸ–¤ğŸ’ğŸ’ğŸ’Ÿâ£ğŸ’ŒğŸ’¢,â¤â¤â¤â¤â¤â¤â¤â¤â¤â¤ğŸ˜‡ğŸ˜‡ğŸ˜‡ğŸ˜‡ğŸ’ğŸ’ğŸ’ğŸ’ğŸ’ğŸ’ŸğŸ¤£ğŸ˜‡ğŸ‘„ğŸ’–ğŸ’•ğŸ’”ğŸ’“â¤ğŸ’‹ğŸ’—ğŸ’™ğŸ’šğŸ’›ğŸ§¡ğŸ’œğŸ–¤ğŸ’ğŸ’ğŸ’Ÿâ£ğŸ’ŒğŸ’¢
108,Suelen
ğŸ‰ğŸ‰â¤ğŸï¸,They usually ğŸ‰ğŸ‰ğŸ
109,Suelen
ğŸ‰ğŸ‰â¤ğŸï¸,They usually ğŸ‰ğŸ‰ğŸ
112,P Duddy ğŸ˜¢,P Duddy ğŸ˜¢
113,January 2035ğŸ˜‚ğŸ‰, if you are watching this you're cool ğŸ˜,January 2035 if you are watching this youre cool  ğŸ˜‚ğŸ‰ğŸ˜
115,Love from INDIA ğŸ‡®ğŸ‡³ â™¥ï¸,Love from INDIA   ğŸ‡®ğŸ‡³
117,So iconiccc, i grew up watching and listening to thisâ¤,So iconiccc i grew up watching and listening to this
126,ğŸ‰ Yes,Yes ğŸ‰
129,â¤â¤â¤â¤,â¤â¤â¤â¤
131,Octubre 2024â¤â¤â¤â¤â¤,October 2024
133,17 October 2024 ?ğŸ˜¢,17 October 2024  ğŸ˜¢
134,I'm sorryğŸ˜¢â¤,Im sorry ğŸ˜¢
138,Si very nice a musicâ¤â¤â¤,Si very nice a music
141,Justim Bieber on plepre ok um ytr gwrty irve salvy  htroy coomvrowğŸ˜¢ğŸ˜®,Justim Bieber on plepre ok um ytr gwrty irve salvy  htroy coomvrow ğŸ˜¢ğŸ˜®
144,18 October 2024â¤ï¸â¤ï¸,18 October 2024
146,â¤,â¤
155,Who is listening today 2024 oct 17 ğŸ˜‘ğŸ˜‘,Who is listening today 2024 oct 17  ğŸ˜‘ğŸ˜‘
158,Sorry â¤â¤â¤â¤â¤â¤â¤â¤â¤â¤â¤â¤â¤â¤â¤â¤â¤â¤â¤â¤â¤â¤â¤â¤â¤â¤â¤â¤â¤â¤â¤â¤â¤â¤â¤â¤â¤â¤â¤â¤â¤â¤â¤â¤â¤â¤â¤â¤â¤â¤â¤â¤â¤â¤â¤â¤,Sorry
160,NOSTALGIAğŸ˜­,NOSTALGIA ğŸ˜­
162,ğŸ’œğŸ‘€,ğŸ’œğŸ‘€
163,ğŸ‡§ğŸ‡·,ğŸ‡§ğŸ‡·
170,Bro the captions are only in Japanese?ğŸ˜‚,Bro the captions are only in Japanese ğŸ˜‚
171,October 2024â¤â¤,October 2024
172,Octuber 2024? â¤,Octuber 2024
176,Ø£Ù†Ø§ Ø£Ø­Ø¨ Ø§Ù„Ù…ÙˆØ³ÙŠÙ‚Ù‰ Ø§Ù„Ø´Ø¨Ø­ ğŸ‘»,i love ghost music ğŸ‘»
177,WkwkwwkkwğŸ˜‚ğŸ‰,Wkwkwwkkw ğŸ˜‚ğŸ‰
180,October 17.102024 ğŸ‰,October 17102024  ğŸ‰
181,Justin, Speak your peace, let him feel your PAIN â¤WE LOVE YOU â¤ï¸,Justin Speak your peace let him feel your PAIN WE LOVE YOU
184,ì–¸ì œë‚˜ ëŠ˜ ê±´í–‰í•˜ì„¸ìš”,Always be safe
190,Anoyone in 17 October? ğŸ˜­,Anoyone in 17 October  ğŸ˜­
194,Today ğŸ˜‚â¤,Today ğŸ˜‚
196,SorryğŸ‰ğŸ‰ğŸ‰,Sorry ğŸ‰ğŸ‰ğŸ‰
201,sorry Justin ğŸ‡§ğŸ‡·,sorry Justin  ğŸ‡§ğŸ‡·
202,â¤,â¤
204,These ladies dancing out thier hearts gives me chills â¤â¤,These ladies dancing out thier hearts gives me chills
206,Turn up baby ğŸ¼ğŸ¼ğŸ¼ğŸ¼ğŸ¼,Turn up baby  ğŸ¼ğŸ¼ğŸ¼ğŸ¼ğŸ¼
209,â¤â¤â¤,â¤â¤â¤
211,Yes My friend ğŸ˜ŠğŸ˜Š,Yes My friend  ğŸ˜ŠğŸ˜Š
215,ğŸ˜ŠğŸ˜ŠğŸ˜ŠğŸ˜Š,ğŸ˜ŠğŸ˜ŠğŸ˜ŠğŸ˜Š
216,â¤ï¸â¤ï¸â¤ï¸â¤ï¸,â¤ï¸â¤ï¸â¤ï¸â¤ï¸
219,Nossa faz tempo que eu nÃ£o recordava essa Ã©poca â¤,Wow, it's been a while since I remembered that time.
220,What an amazing songâ¤â¤â¤â¤â¤ğŸ˜ŠğŸ˜ŠğŸ˜ŠğŸ˜Š,What an amazing song ğŸ˜ŠğŸ˜ŠğŸ˜ŠğŸ˜Š
221,Jesus te ama e eu tambÃ©m â¤,Jesus loves you and so do I
226,Who IS her on 2024 â¤,Who IS her on 2024
230,Sera que e so eu em 2024 relÃ­quia ğŸ˜…ğŸ˜…,Will it be just me in 2024, relic? ğŸ˜…ğŸ˜…
233,17 october 2024??ğŸ˜‚,17 october 2024 ğŸ˜‚
240,l love  this song  l remember  when  l  sang  it for my girl  she cried 
â¤â¤,l love  this song  l remember  when  l  sang  it for my girl  she cried
241,Eu amava danÃ§ar essa msc qnd era pequena man â¤,I loved dancing this MSC when I was little.
245,Dios te bendiga Justinâ¤ğŸ¥º,God bless you Justin ğŸ¥º
253,It's my birthdayğŸ‰, this hit feels the same 2024 . Anyone else in october?,Its my birthday this hit feels the same 2024  Anyone else in october ğŸ‰
254,2016ğŸ‰ğŸ‰,2016ğŸ‰ğŸ‰
256,Ø´ÙƒÙˆÙ† Ø¬Ø§Ø¡ ÙŠØ´ÙˆÙ Ø¬Ø§Ø³ØªÙ† Ø¨ÙŠØ¨Ø± Ù…Ù† Ù‚ØµØ© Ø¯Ø§Ø¯ÙŠ ğŸ˜¹ğŸ˜¹,Who came to see Justin Bieber from Daddy's story? ğŸ˜¹ğŸ˜¹
258,4 billion soon guys..â¤ğŸ‰,4 billion soon guys ğŸ‰
261,15 oct 2024 any one here â¤â¤,15 oct 2024 any one here
262,15 October âš“likeğŸ”™,15 October like ğŸ”™
263,15 October 2024ğŸ‡¸ğŸ‡¦,15 October 2024 ğŸ‡¸ğŸ‡¦
266,â¤,â¤
268,Jesus loves you â¤ï¸,Jesus loves you
269,14 october 2024 â¤,14 october 2024
270,Ù…Ø´ØªØ§Ù‚ÙŠÙ† ğŸ’”,We miss you ğŸ’”
271,â¤,â¤
280,ğŸ‡®ğŸ‡¹â¤ ti amo justin,I love you justin ğŸ‡®ğŸ‡¹
281,the green girl was my crush ğŸ˜­,the green girl was my crush  ğŸ˜­
288,who at the end of October : 2024 ?ğŸ‡©ğŸ‡´â¤ï¸ğŸ‡µğŸ‡·ğŸ”¥ğŸ”¥ğŸ”¥,who at the end of October  2024  ğŸ‡©ğŸ‡´ğŸ‡µğŸ‡·ğŸ”¥ğŸ”¥ğŸ”¥
292,â¤â¤,â¤â¤
301,ğŸŒ¼,ğŸŒ¼
305,14.10.2024â¤,14.10.2024â¤
312,I'm still listening this song â¤â¤ğŸ˜¢ğŸ˜¢,Im still listening this song  ğŸ˜¢ğŸ˜¢
314,I came here for the iconic green shirt again â¤,I came here for the iconic green shirt again
316,want to know those who watching this song 2024 - 2025 ..I love you Justin Bieber â¤â¤â¤,want to know those who watching this song 2024  2025 I love you Justin Bieber
317,I want to know those who watching this song 2024 - 2025 ..I love you Justin Bieber â¤â¤â¤â¤â¤,I want to know those who watching this song 2024  2025 I love you Justin Bieber
321,La mejor canciÃ³n en 2015  que puso temblar en toda la industria â¤â¤,The best song in 2015 that made the entire industry tremble
322,Quien mas en octubre de 2024â¤â¤ğŸ˜¢ğŸ˜¢ğŸ˜¢,Who else in October 2024 ğŸ˜¢ğŸ˜¢ğŸ˜¢
323,October 14 .2024 â¤â¤â¤â¤â¤lots of love from Zimbabwe ğŸ‡¿ğŸ‡¼,October 14 2024 lots of love from Zimbabwe  ğŸ‡¿ğŸ‡¼
325,All are trans ğŸ˜‚ğŸ˜‚,All are trans ğŸ˜‚ğŸ˜‚
328,The Best songâ¤â¤â¤â¤â¤,The Best song
331,SdddssdswwwwfdsdssxdsdgfdfdsswswqwwqswqqqğŸ‰,Sdddssdswwwwfdsdssxdsdgfdfdsswswqwwqswqqq ğŸ‰
344,Turkey. â¤ turkiye 2024. ğŸ‰,Turkey Turkey 2024 ğŸ‰
345,2:37,KKKKğŸ˜…,237KKKK ğŸ˜…
351,Haoleu is a bad pssy â˜ºï¸ğŸ™‚,Haoleu is a bad pssy ğŸ™‚
352,Mergatroy in tune you ğŸ˜‚,Mergatroy in tune you  ğŸ˜‚
359,13 de octubre del 2024 ğŸ‰,October 13, 2024 ğŸ‰
363,Come On GirlsğŸ˜ğŸ’œ,Come On Girls ğŸ˜ğŸ’œ
364,So Good ğŸ˜‹ğŸ’œ,So Good ğŸ˜‹ğŸ’œ
365,So Good ğŸ˜‹ğŸ’œ,So Good ğŸ˜‹ğŸ’œ
369,ğŸ‡·ğŸ‡¼ğŸ‡·ğŸ‡¼ğŸ‡·ğŸ‡¼ğŸ‡·ğŸ‡¼ğŸ‡·ğŸ‡¼ğŸ‡·ğŸ‡¼ğŸ‡·ğŸ‡¼ğŸ‡·ğŸ‡¼ğŸ‡·ğŸ‡¼,ğŸ‡·ğŸ‡¼ğŸ‡·ğŸ‡¼ğŸ‡·ğŸ‡¼ğŸ‡·ğŸ‡¼ğŸ‡·ğŸ‡¼ğŸ‡·ğŸ‡¼ğŸ‡·ğŸ‡¼ğŸ‡·ğŸ‡¼ğŸ‡·ğŸ‡¼
370,It's not you who has to apologize, but all those who judged you.â™¥â™¥â™¥â™¥,Its not you who has to apologize but all those who judged you
371,October 2015âœ¨
October 2024,October 2015
October 2024
376,La mejor mÃºsica  â¤ğŸ‰,The best music ğŸ‰
378,This video is a jokeğŸ¤¦ğŸ¾â€â™‚ï¸ğŸ˜­ğŸ˜­ğŸ˜­ğŸ˜­,This video is a joke ğŸ¤¦ğŸ¾ğŸ˜­ğŸ˜­ğŸ˜­ğŸ˜­
379,I will stop smoking if this comment gets 2k likes â¤,I will stop smoking if this comment gets 2k likes
380,Justin - sorry for diddy 48 hoursğŸ˜¢,Justin  sorry for diddy 48 hours ğŸ˜¢
382,ğŸ‡®ğŸ‡¹ğŸ‡¸ğŸ‡¬ğŸ‡¨ğŸ‡µğŸ‡³ğŸ‡¿ğŸ‡¦ğŸ‡·ğŸ‡ºğŸ‡²ğŸ‡¦ğŸ‡·ğŸ‡ºğŸ‡²ğŸ‡¦ğŸ‡·ğŸ‡µğŸ‡±ğŸ‡§ğŸ‡»ğŸ‡§ğŸ‡»ğŸ‡§ğŸ‡·ğŸ‡¨ğŸ‡¦ğŸ‡®ğŸ‡¹ğŸ‡¨ğŸ‡µğŸ‡®ğŸ‡¹,ğŸ‡®ğŸ‡¹ğŸ‡¸ğŸ‡¬ğŸ‡¨ğŸ‡µğŸ‡³ğŸ‡¿ğŸ‡¦ğŸ‡·ğŸ‡ºğŸ‡²ğŸ‡¦ğŸ‡·ğŸ‡ºğŸ‡²ğŸ‡¦ğŸ‡·ğŸ‡µğŸ‡±ğŸ‡§ğŸ‡»ğŸ‡§ğŸ‡»ğŸ‡§ğŸ‡·ğŸ‡¨ğŸ‡¦ğŸ‡®ğŸ‡¹ğŸ‡¨ğŸ‡µğŸ‡®ğŸ‡¹
383,Who loves this song??ğŸ‰ğŸ‰ğŸ‰,Who loves this song ğŸ‰ğŸ‰ğŸ‰
385,October 2024ğŸ‰,October 2024 ğŸ‰
386,â¤â¤â¤â¤â¤â¤â¤â¤,â¤â¤â¤â¤â¤â¤â¤â¤
389,WHO'S STILL HERE OCTOBER 2024 ?
ğŸ’–ğŸ˜ğŸ’–,WHOS STILL HERE OCTOBER 2024 ğŸ’–ğŸ˜ğŸ’–
390,Today ??? Visitor's â¤
Press ğŸ‘,Today  Visitors 
Press  ğŸ‘
392,â¤â¤,â¤â¤
394,My cousins and I danced to itğŸ˜‚â¤,My cousins and I danced to it ğŸ˜‚
395,The choreoğŸ˜«ğŸ˜«ğŸ˜«ğŸ˜«ğŸ˜«ğŸ˜«,The choreo ğŸ˜«ğŸ˜«ğŸ˜«ğŸ˜«ğŸ˜«ğŸ˜«
398,Doesn't this song remind you of Scoups? (It does to meğŸ‘ğŸ»),Doesnt this song remind you of Scoups It does to me ğŸ‘ğŸ»
399,Ufff my childhood the song cried ğŸ¥¹ğŸ˜­ğŸ˜­,Ufff my childhood the song cried  ğŸ¥¹ğŸ˜­ğŸ˜­
404,2025ğŸ·,2025ğŸ·
405,WowwğŸ˜‚ğŸ˜‚ğŸ˜‚ğŸ˜‚ ÙˆØ§ÙˆÙˆÙ‡,Woww ğŸ˜‚ğŸ˜‚ğŸ˜‚ğŸ˜‚
407,Anyone in 2024 October â¤,Anyone in 2024 October
409,â¤,â¤
410,â¤
â¤,â¤
â¤
411,Anyone in 2024?!ğŸ‰ğŸ˜‚â¤,Anyone in 2024 ğŸ‰ğŸ˜‚
412,Nostalgia del 2016 ğŸ˜¢
Alguien de agosto de 2024,Nostalgia for 2016 
Someone from August 2024 ğŸ˜¢
413,ğŸ”¥ğŸ”¥â¤ï¸,ğŸ”¥ğŸ”¥â¤ï¸
414,Pdidy ğŸ˜‚,Pdidy ğŸ˜‚
416,12 de outubro de 2024 feliz dia das crianÃ§as a todos ğŸ‰,October 12, 2024 Happy Children's Day to all ğŸ‰
418,Damn ts really 8 years ago I remember when it was new I was still a lil kid ğŸ’€ğŸ˜­,Damn ts really 8 years ago I remember when it was new I was still a lil kid  ğŸ’€ğŸ˜­
420,Everything was better when we listened to this in 2016 without knowing who Justin wasğŸ˜…,Everything was better when we listened to this in 2016 without knowing who Justin was ğŸ˜…
424,Is come 13 October 2024 â¤,Is come 13 October 2024
430,IncreÃ­ble la moda de antesâ¤,Amazing fashion from before
433,Omgggg ğŸ˜¢,Omgggg ğŸ˜¢
435,12/10/2024ğŸ˜­ğŸ˜­,12/10/2024ğŸ˜­ğŸ˜­
436,â¤,â¤
439,Sempre quero ouvir todos os dias â¤â¤,I always want to hear every day
442,WhatğŸ˜®,What ğŸ˜®
443,D I D D Y  ğŸ˜¶ğŸ˜¶,D I D D Y ğŸ˜¶ğŸ˜¶
448,No es por la polÃ©mica â¤ Tiene buenas canciones ğŸ˜Šâœ¨ï¸ğŸ’œğŸ’—ğŸ’—ğŸ’—ğŸ’—,It's not because of the controversy. It has good songs. ğŸ˜ŠğŸ’œğŸ’—ğŸ’—ğŸ’—ğŸ’—
451,Omg, this is so literal when u hear about the daddy case, it is horrid - I am so sorry for him ğŸ˜¢,Omg this is so literal when u hear about the daddy case it is horrid  I am so sorry for him  ğŸ˜¢
452,Aceite de baby ğŸ˜‚ğŸ˜‚â¤â¤,Baby oil ğŸ˜‚ğŸ˜‚
454,Mi vida si666â¤si,My life yes666yes
458,Justin Bieber sorry ğŸ˜¢,Justin Bieber sorry  ğŸ˜¢
460,12 Oct 2024â¤,12 Oct 2024
461,Brandon de mi vida. Sigues creciendo. ğŸ—¿ğŸ™‚â€â†”ï¸,Brandon of my life You keep growing ğŸ—¿ğŸ™‚
462,Como deve esta essas meninas hoje ğŸ˜…â¤,How must these girls be today? ğŸ˜…
467,Ø¯ÙŠØ¯ÙŠ Ø§ØºØªØµØ§Ø¨ ğŸ˜¢,Didi rape ğŸ˜¢
468,2024 ğŸ’¯,2024 ğŸ’¯
472,2016 â€œthis is trashâ€

2024 â€œsong still trashâ€ğŸ—£ï¸ğŸ”¥ğŸ—£ï¸ğŸ”¥ğŸ”¥,2016 this is trash

2024 song still trash ğŸ—£ğŸ”¥ğŸ—£ğŸ”¥ğŸ”¥
473,October 2024 who watched?ğŸ˜…,October 2024 who watched ğŸ˜…
475,12th October ğŸ‘‰>>>,12th October  ğŸ‘‰
478,And to thi9this isn't Justin Bieber's most viewed songğŸ˜±ğŸ˜±ğŸ¤¯,And to thi9this isnt Justin Biebers most viewed song ğŸ˜±ğŸ˜±ğŸ¤¯
488,Disculpas aceptadas JustinğŸ˜ƒğŸ‘,Apologies accepted Justin ğŸ˜ƒğŸ‘
490,Larga vida para Justin â¤ï¸, M3uret3 maldito Diddy,Long live Justin M3uret3 damn Diddy
491,11 de octubre 2024 escuchando este temon uffff ğŸ”¥,October 11, 2024 listening to this song uffff ğŸ”¥
492,ğŸ¤šğŸ»,ğŸ¤šğŸ»
496,October 11 â˜†?,October 11
504,Quem ama o Justin aÃ­ â¤â¤â¤â¤,Who loves Justin there?
511,â¤,â¤
512,â¤â¤â¤â¤â¤   free freee pilistin now,free freee pilistin now
514,ÙƒÙ„ Ø´Ù‡Ø±Ø© Ø¹Ø§Ù„Ù…ÙŠØ© Ù…Ù† ÙˆØ±Ø§Ø¡ Ø¯ÙŠØ¯ÙŠ Ù‡Ù‡Ù‡Ù‡ Ù‡Ù‡Ù‡Ù‡ ğŸ‰ğŸ¤ğŸ¥•ğŸŒğŸŒğŸŒğŸ˜‚ğŸ˜‚ğŸ˜‚ğŸ˜‚ğŸ˜‚ğŸ˜‚,All the world fame is behind Didi hahaha hahaha ğŸ‰ğŸ¤ğŸ¥•ğŸŒğŸŒğŸŒğŸ˜‚ğŸ˜‚ğŸ˜‚ğŸ˜‚ğŸ˜‚ğŸ˜‚
515,W e  l o v e  J B â™¡,W e l o v e J B
516,Who is listening in October 2024ğŸ˜‚ğŸ˜‚ğŸ˜‚ğŸ˜‚,Who is listening in October 2024 ğŸ˜‚ğŸ˜‚ğŸ˜‚ğŸ˜‚
520,Everything comes out i always where right you are gay ğŸ˜‚,Everything comes out i always where right you are gay  ğŸ˜‚
522,Que se haga justicia y tu nombre sea limpioğŸ˜¢,May justice be done and your name be cleared ğŸ˜¢
527,Que nostalgia eu ouvia todo dia com minha irmÃ£ sorryâ¤,What nostalgia I listened to every day with my sister sorry
528,2030ğŸ˜¢ October,2030 October ğŸ˜¢
