translated_text_no_emoji,emoji_labels
After a long time there was a breath of relief ,[0]
I was able to reduce smoking! ,[0]
Good morning friends. . . . . . Have a nice day,[]
Fun all night online. . .   ,[0]
Road to Sylhet Stadium…   Really how beautiful our Sylhet!!,[0]
A cold wind seems to be blowing. All the bedding is cold. Extreme environment for sleeping. Come to sleep  Good night ,"[0, 0]"
Open GL Error problem solving!  http/fb.me/358jcI9zt,"[0, 3]"
"The sun does not know how beautiful the moon is, the night does not know how beautiful the day is. Darkness does not know how beautiful the light is. But, I know how beautiful you are!! #SRK_JAN ",[1]
Today is a happy day after so much injustice and exploitation. Definitely worth enjoying ,[0]
ICT (Information and Communication Technology) Paira considers herself an engineer Ah what joy inside the mind 3  ,"[0, 0, 0]"
"Moti has broken again  Today is Eid, joy in the house of Madinah! | Dainik Motikontho http/motikontho.wordpress.com/2013/09/17/kader/ …","[0, 3]"
"Let's see some pictures of the joyous procession after the death sentence of Kasai Quader  Jai Bangla, Jai Bangabandhu",[0]
 You are so beautiful http/fb.me/1590jN2dK,"[0, 3]"
"Looking at the 'English Book' for the sake of Tropa. If you like it after watching, I think I will express my gratitude ",[0]
It's always fun to hang out with the big brothers  ,[0]
Good night  Love to you ,"[0, 1]"
I was happy to read the news.  In the main phase of T20 World Cup without saving phase,[0]
"The movie 'Udhao' was good... the story-telling style is good...! And congratulations Amit... In that sense, appeal to all...special... http/fb.me/20kt5OzSA","[0, 3]"
Messi's great goal!  Barca lead 1-0 in 21 minutes #Mahe,[0]
I saw my old tweets. Had fun!  #nostalgia,[0]
good evening ),[0]
"Workshops, food, movies, and lots of fun!! ",[0]
Good night. Looking forward to a beautiful morning.,"[0, 0]"
"Personally, I like the game of Villa, so long ago I didn't watch it. Today I will enjoy the game of this Spanish legend ",[0]
"Login's Bangla has done ""Sadar Darsha"", very good! It felt good! ",[0]
Give me a chance to kill every Razakar... I can happily stand on the gallows and say Jai Bangla ,[0]
How many sisters like my sister? I am very lucky indeed. @ismsharika   love you puchu    ,"[0, 1]"
"Aha!! What a peaceful sleep!!! # Sir Wooden Ella, it's time to go to work! pic.twitter.com/Gs6IIkPxyE",[]
Ahhh! peace ,[0]
"On the occasion of birthday, if you can revise the favorite poet's poem all day, it is great! https/www.facebook.com/noirit/notes",[3]
"It should not be limited to death sentence for all Razakars but it should be implemented immediately. The slogan is only ""Joy Bangla, Joy Bangabandhu"" ",[0]
This is the first time I made a documentary for the sake of Rubel brother...  Thank you bro ... http/fb.me/TzEVk72f,"[0, 3]"
Making the impossible possible is the work of our Bangladesh ,[0]
Good evening! ,[0]
A little while ago I made a post asking for this positive blood in Chittagong. The blood has been managed. Thank you all ,[0]
Everything melts away in the magical light of the moon ,[0]
feeling Dil Khosh,[]
"just amazing Lagtes... story is not fact, acting and costume are awesome. ..............",[]
"Wow, how many likes for mother daughter? **Raju** http/fb.me/1Eq7bR18Y",[3]
King Leo began his work. yes Gave Barca the lead with a great goal ,[0]
#happiness is the smiling face of father and mother! ,[0]
Looking at the picture makes me feel good and am also having fun   http/fb.me/1hHBGg9aq,"[0, 0, 3]"
Love him and take care of him. ____chotoKobi ,[0]
Willpower can break all obstacles!,[]
I don't know if I love you but I know that I want to hold your hand again and again? Maybe this is love...,[1]
RT @bewahid: Happiness is smile on mother's face.,[]
The build up between Arbeloa and Di Maria was fantastic ,[0]
I love you   --> @shreyaghoshal,[0]
Shaif bhai standing behind laguna is quite fun   even more fun if not for rent   ,"[0, 0]"
"Anyway, I want to laugh for a special reason   ",[0]
I'm the admin laughing  Good Night http/fb.me/2maF8vbpA,"[0, 3]"
The trailer is really cool. I want to watch the rest in the cinema  http/fb.me/2M5CKryrh Charms  http/fb.me/2qFt1VRLV,"[0, 0, 3]"
This is my 1st Bengali writing  Good night,[0]
"I celebrated a friend's birthday, all my friends had a lot of fun together. ",[0]
Good evening  http/fb.me/6u5nCdozY,"[0, 3]"
Assam ,[0]
"To be old and wise, you must first have to be young and stupid. - Not my word. But seriously ",[0]
awesome rain... ,[0]
'Helsinki is the most honest city in the world'  http/shar.es/Kx4Hd via @sharethis,"[0, 3]"
The journey of university life begins  goodbye Electronics World! new world...Computer Science and IT.,[0]
Am I innocent or emotional again! ! #MAIRALA #LOL   ,[0]
Ha ha ha...it's better to be fooled than bored  http/fb.me/OJfL6GQP,"[0, 3]"
Cycling is such an addiction that if you don't pedal twice in a day you won't find peace #Happy_Cycling ,[0]
hey hey It was fun as well as educational.    http/fb.me/2QKnLIZRa,"[0, 0, 0, 3]"
Neymar's uncle's girlfriend!! Likan if you like!!  #Rocky http/fb.me/1Tw4bzL5a,"[0, 3]"
Our dear Rintu Sir is going to Mecca tomorrow to perform Hajj. Everyone pray for him ,[0]
epic movie is really epic... ,[0]
Tweeting is so addicting that I tweet while walking on the street.....lol  (@ Ananda Bihar) http/4sq.com/1b1drV7,"[0, 3]"
Google Web Designer has messed up. What's going on (beep) ... I'm all over the place with happiness ,[0]
"Going to Titagarh to buy father's pants. I'll buy it too, hoping...hehe ",[0]
I listened to Linkin Park's A light that never comes preview track...I got excited ,[0]
Ha ha ha ha ha ha ha. ,[0]
RT @bewahid: Happiness is smile on mother's face.,[]
"Jellyfish!!! Ah, what fun  http/fb.me/X4oqmcg3","[0, 3]"
Everything melts away in the magic light of the moon  http/fb.me/Me9ccs0n,"[0, 3]"
yahoooooooooooooooooo!!  Kader Mullah's death sentence has been executed. thanks to #awamileague govt ,[0]
Ahhh! peace ,[0]
The thing is very funny. ɐſoɯ,[]
"Wow! How helpful you are! But ma'am, thank you, even if I can't comment for now!  @ Naishadha Niladri",[0]
"If Sunny Leone marries Sunny Deol, what will her name be after marriage? lol ",[0]
I really want to take a sip of that gentle tot of yours      ,"[0, 0, 0, 0, 2, 0]"
Welcome to Chashmish Family ,[0]
From today no more Flirting  Trying to be a polite pola ,"[0, 0]"
Our Adriano Mamu scored the goal  Neymar getting ready to take the field  #RKB,"[1, 0]"
But the word is true    . . . Nir http/fb.me/1Vl1rFxYh,"[0, 3]"
Pure genius  http/fb.me/WNE60v2u,"[0, 3]"
Qurbani Mubarak  http/fb.me/1Od5e3huh,"[0, 3]"
Hope you like it and share  http/fb.me/MuIj4hdz,"[0, 3]"
"Today everyone is acting very well, I hope the next day will be good.  http/p.twipple.jp/WrwVI","[0, 3]"
"Some things have to be done against your will, for your own good!! ",[0]
Am Kuchi Hochi Kaka..............  Kalke Harshu Hartal Kaka........ Fillings are like Eid,[0]
#np Today is a very happy day. #favoritesong. ,[0]
Got last offer 12% discount on #persona (Both for male & female).  #gp #star. ,"[0, 0]"
How many likes for the boss  http/fb.me/1ow0YpxSH,"[0, 3]"
Reduce the number of cigarettes consumed per day. But the night will come ,[0]
Wow 5 taka balance !!! So impossible..... : Making the impossible possible is the work of infinity.......  #Grameenphone,[0]
A loving heart is the beginning of all knowledge.  - Thomas Carlyle So everyone should love  ,"[0, 3, 2]"
Hello #October ,[0]
"Just watch it... Like, Share too..   http/fb.me/3kBcM0AqT","[0, 0, 3]"
This is my 1st Bengali writing  Good night,[0]
"Never watched it in full, so I downloaded it and watched it ",[0]
Happiness Is Bangladesh is winning against India. Happiness doubles,[]
Happiness Is talking to Heti money all night long,[]
"It's getting hot, there's no way not to swim in the pool.… #Swimming time )",[0]
"If you don't know how to love, you miss 16 years of life  #WWs",[0]
"Robert went on tour, I'm away from work!  #Feelingrelaxed and evasive!",[0]
"What fun  Hartal's chad is seen again  Feeling - Thank God, Hartal is back again  ","[0, 0, 0]"
"James's new song has been listened to almost 30/40 times since yesterday, including audio and video!!  http/fb.me/141RCRDJp","[0, 3]"
@itssumy agree )) One of my very favorite telefilms ,"[0, 3]"
Sometimes I laugh when I see the tweets on my timeline. God willing ,[0]
Office/University holiday on the occasion of strike for 2 consecutive days  ,[0]
I felt like I was in a movie while passing through this path  All troubles turned into serenity  pic.twitter.com/JTO4MWPUuE,[0]
The poet has said - sacrifice is the real happiness. It's not bad,[]
Or maybe I'll get lost and come back sometimes! Love it so much.............,[0]
Happiness Is Tweeting All Night,[]
"After a year of playing cricket, I got six wickets, all six bowled...!!  Feeling like Malinga... ","[0, 0]"
HAPPY HONEY FULL-MOON DAY!!!!!!!!!!!!!!!!!! Happy Honey Full Moon!!!!!!!!!!!!!!!!!!!!,[]
Today is Papa_Mum's 28th #Anniversary   Happy Anniversary Papa & Mum   ,"[1, 0, 3]"
"I finished all the office work, troubles, now I will go to Dhaka...home ha ha ha )",[0]
"One ate Faluda. Although experimental, it still felt good. I want to eat again. ",[0]
"Wow, what a treat!! Zucker Mumu is totally in our line, Chaila is coming...(y) Zucker Mumu is updating every day,...",[]
Eid Ananda Mast http/goo.gl/fb/sT5As,[3]
I watched a @YouTube video http/youtu.be/sPhhZg9v9NU?a Priyanka Chopra - Exotic ft. Love Pitbull,[3]
Jose... lol  http/fb.me/1P2Ib1eDk,"[0, 3]"
"What a match..!!!! Great Job Tigers, well played!!!! Carry on!!! What happened if I did not win?? Something like this in this match...",[]
What happened if I did not win?? Bangladesh team is achieving something in this match which is more than winning. best of luck Tigers.,[]
A test of many achievements....#BanvsNZ #Gazi #Showrav #WorldRecord #Alhamdulillah #happyFan #tigers #proud #Cricket,[]
"Due to rain, we don't have to draw Test matches anymore. ",[0]
"(Dedicated to Bangladesh Cricket Team) Storm of happiness, storm of happiness, storm of happiness today, look at the red-green...",[]
Tiger cub @sohaggazi. Amazing century! #BanVsNz #Cricket,[]
"If you don't see it, you will miss Bengal Tigers' game Ghazi 95 unbeaten star cricket live watch online http/omybd.com/star-",[3]
Gazi is the first.....Gazi is the best.... #BanvsNZ #Gazi,[]
A test of many achievements....#BanvsNZ #Gazi #Showrav #WorldRecord #Alhamdulillah #happyFan #tigers #proud,[]
"Man of the match: Sohag gazi century, hat trick, 8 wickets in the match!! #R.E.S.P.E.C.T Ghazi Bhai...",[]
Sohag Ghazi Pola is not like a ball of fire! ,[0]
Gazi is the first.....Gazi is the best.... #BanvsNZ #Gazi,[]
"yes yes !!!!!!  Hate tick on such a wicket !!!! , GAZI ","[1, 0]"
Ken Williamson out NZ 200/3 Shohag Gazi strikes Purai hurabaka caught.... UD7,[]
"Gazi is the first, Gazi is the best! Cong' Gazi Bhai!",[]
Test match draw  We play well (y) New Zealand 469 & 287/7d Bangladesh 501 & 173/3 (48.2 ov) MAN OF THE...,[0]
@SilverDisc3 Hehe. Now is the season. You can give ),[0]
@SilverDisc3 Thanks. ),[0]
@SilverDisc3 Me and my sweetheart. ,[0]
"Congratulations to Sohag Ghazi, the first cricketer in the world to take more than five wickets in the same match with a century and a hat-trick...",[]
Creed this song heard forty-five times in a row one day! My most favorite English song,[]
Good luck to Suvarna! | Wedding: http/www.m.rtnn.net//newsdetail/detail/2/21/71082#.UkmPE65IZDg.twitter …,[3]
"Happy Eid-ul-Azha to all Sms-Box family! , #FunnyBoy_Sumon http/fb.me/6qcqTNji4",[3]
Eid Mubarak everyone,[]
A thousand salutes. This is the first record in the cricket history of Bangladesh by taking a hat-trick of centuries and wickets in the same Test...,[]
Say the heaven of pumpkin masallah... everything is so beautiful by the will of Allah. http/fb.me/6wOVftHNM,[3]
Subhanallah! ! Holy Kaaba Sharif at night! ! ! Everyone who is online right now like and share...,[]
Aiche Gazi's Bata Gazi Century Chai Chain-Stealing ,[0]
Pola of Dhaka very very smart Patuakhilla Gazi very good very good but what about Pola of Cox's Bazar...,[]
Uffffffffff I love it http/fb.me/10EE5Il0s,[3]
Had fun waaaaaaaaaa http/fb.me/3p6eFgO8G,[3]
Sohag Ghazi Pola is not like a ball of fire! ,[0]
" Such an event has never happened before in Test cricket, a game of record cricket. It's time to keep breaking records. But that...",[0]
Happy Maha Navami  Dev Lovers Please LIKE : Dev http/www.fb.com/TheDevOfficial  http/fb.me/2rHuVLUVY,"[0, 3]"
Gazi's Hunkar on Gazi Television ,[0]
Cappuccino Coffee \m/ Mukta Apu Rocks ,[0]
Eid Mubarak to all  Wish everyone have a great day with their loved ones  feeling Everyone wishes so I do too  ,"[0, 0, 0]"
"Sohag did such Sohag, the whole lota has been caught! ",[0]
2 Char Tamim in a row  **Phantom Sniper**,[0]
"Let today be announced as Ghazi Day!  Ghazi's hat trick. Hattrick, 6 wickets and a century.",[0]
Sohag Gazi's job is to make the impossible possible  http/fb.me/1D4KT0ZIT,"[0, 3]"
"century, hat-trick, 5 wickets in the same match!!!! Gazi on Gazi TV started ki !!!   If Bangladesh regularly...",[0]
  Eid Mubarak   http/fb.me/2EogZkLqz,"[0, 3]"
This is the first time in super cricket performance history! ! !  #joyBangla http/fb.me/101mSSwLu,"[0, 3]"
Download : http/www.mediafire.com/?o2svsczbnm8xpgx …  Seeram a track  #hot,"[0, 0, 3]"
I am returning home  I am going back again.... Your address is on the banks of Chitrandi........  Khodahafez Dhaka City ,"[0, 3, 0]"
Sohag Ghazi Rocks !!!! The whole shook!!!  ,[0]
I became a fan of Gazi.  After this test I will quit television and watch nothing but Ghazi TV. Basai Gasi Tank Use...,[0]
I want to sing  There are empty guitars/pianos lying around the house  They need to be put to use ),"[0, 3, 3]"
"Woke up... when I looked outside, I saw that she was wearing a brishti... how much wthr sund0r... understand jacche no now noon! ",[0]
Sohag gaji moy homepage here there id-page-group everywhere gaji and gaji everyone is enjoying the gaji gaji gaji cheers  even me ,"[0, 0]"
"But my uncle's house is Gazipur, don't you think about it!!!  Hats off to you Sohag Ghazi. (y)",[0]
I became a journalist for a day  Everyone thinks I'm a journalist after seeing my style of taking photos and keeps making various requests ,"[0, 0]"
Roar Bangladesh ,[0]
Good afternoon everyone ,[0]
"Gazi Gazi Sohag Gazi, Sohag Gazi. . century with a hattrick... very proud of u Sohag Ghazi ",[0]
What do Gazi Kiwis think... ,[0]
6 wickets including a hat-trick after the century. Sohag 'Gazi' made New Zealand a 'martyr'! ,[0]
Footsteps of another world's best all-rounder in the Bangladesh cricket team!  [Disclaimer: This is not a political party achievement!],[0]
"Gazi, you are very stupid. You are eating kiwi roast alone. Century and hat-trick together. ",[0]
"Gazi, what did you do? Man of the match! 6 wickets with a hat-trick as the first Bangladeshi after the maiden century! ",[0]
Had fun waaaaaaaaaa http/fb.me/3p6eFgO8G,[3]
"Eid Mubarak again, for those brothers who are not able to chat offline, there will be an emo of kolakuli .",[0]
I shop alone. Fun is different!,[]
May Eid bring joy in everyone's life... Happy Eid Ul Azhar to everyone... Eid Mubarak   ,[0]
Is everyone eating meat properly?????  Hamba Mubarak to all  http/fb.me/2Hml74I5Z,"[0, 3]"
@jeet30 mate on @JalshaMovies & my mother's oath on #Sony8 & then two Prithibees uff what a day Boss  ,"[0, 4]"
Team Australia back in form    Very happy for them    Even more happy because India re bashan detse ...,"[0, 0]"
"Having won the great war with cows and meat, I will now take a nap. -feeling peace  ",[0]
Feeling Eid Eid. The miking of Eid prayers is going on all around.,[]
"Sometimes the sound of a voice takes away all the tiredness, pain, pride, and sadness of my whole day. —feeling special",[]
"A crescent moon in the sky, a calm river in front. With Gold Leaf, Benson, Black. #feeling home  ",[0]
I made the first application in my life for Windows Phone. Very good Feeling Happy ,[1]
Happy Eid to all — feeling blessed. http/fb.me/WLzkit3k,[3]
Chandpur estuary enchanted by the charming cloak of the half moon. 󾌸 Feeling Chandrima at Chandpur,[]
Out of Dhaka now on vacation  -  feeling,"[0, 5]"
I feel like a poet . It seems like a poet who expresses his feeling,[]
once again #Ghazi!!! supper tremendous hattrick!!! feeling- speechless with joy!!! Crazy crazy!!!,[]
"Going home, for Eid. #feeling_too_much_happy",[]
Today was a very busy day. I came from work and went to college. I came back home late. Now I am sitting and watching TV. Right now feeling wonderfull,[0]
Almost standing on the runway. #Feelingwonderful ,[5]
.,[]
" Eid Mubarak  I wish everyone a good Eid. Stay well, Eid Mubarak. Happy Eid to all.",[6]
€!D_____________________MüBáRàK Today is the holy Eid-ul-Azha. Today is a day of joy for all Muslims. On Eid-ul-Azha... http/fb.me/2sZkjyJIn,[3]
"A very happy ""Eid MuBaRaK"" to all, looking forward to eating your beef at my house.",[]
"Happy Eid Mubarak to all, Eid Mubarak........",[]
"Happy Eid-ul-Azha to all ""Eid Mubarak""",[]
Assalamu Alaikum Wa Rahmatullahi Wa Barakatuhu Happy Eid-ul-Azha to everyone. Eid mubarak,[]
Happy Eid to all.,[]
"Bare feet, headphones in the ears…",[]
"@idevadhikari ( I-LOVE-U-DEV , ) forever n Rangbaaz Superhit Rangbaaz Superhit Rangbaaz Superhit 5",[]
"Reunited with mom and dad after about two months  Now just play games comfortably. I don't care about food now, mom ",[0]
"The grumpy thing is really funny. Feels like a kid… dama, da, botty rocks ",[0]
   New one word expression...  It http/fb.me/25Ykw29g6,"[1, 0, 3]"
Happy birthday dear poet Rudra Muhammad Shahidullah (Rudra Muhammad Shahidullah),[]
Holy Eid-ul-Azha in the joy of sacrifice: Eid Mubarak! http/dlvr.it/48JzSh,[3]
"I'm sitting on the roof with heavy rain, feeling great fun!",[]
@jeet30 Eid Mubarak & Good Night JeeT ,[0]
@jeet30 [once again] ~Happy Vijaya Dasami~ Take my bow. Stay well Jeet ),[0]
I made the first application in my life for Windows Phone. Very good Feeling Happy ,[1]
May Eid bring endless joy in our lives. Eid Mubarak to all. Very happy EID MOBARAK.,[]
"Without you, the afternoon would not be so sweet!  hats off to #Ghazi, d real Ghazi! feeling both proud and relieved! a~hhh! ",[0]
This pond is next to our house. I will fish here. So I bought Bashi. feeling happy http/fb.me/38uO3TrSv,[3]
Alhamdulillah. I managed to reach home safely. A beautiful trip in a very short time. feeling happy together,[]
Ha ha poor Iniesta  [[cristiano]] #C_RAJ_7 [[cristiano]] http/fb.me/19t6BvP8M,"[0, 3]"
I downloaded a very funny bangla rap song today ) It's a bit adult type  So I'm wondering if I should share the link  ,"[0, 0]"
Aishwarya and her cute daughter  http/fb.me/1l1guV19D,"[0, 3]"
"Let's not get lost, let's get together, today I will break all the obstacles in the wind, today I will hold your hand... ",[0]
"ABC Radio FM 89.2 ""Our Talk""  http/fb.me/1ZPCZUMcy","[0, 3]"
Big Little Niece and Little Little Niece  http/fb.me/2etCwcswM,"[0, 3]"
creation means creation ,[0]
Elano  He was one of the players of the Brazil team in the 2010 World Cup. Like if you remember boss. #JIQU http/fb.me/2nQbhe4Hf,"[1, 3]"
"Very expensive Punjabi . Thukku, precious water... - http/pixb.ly/1ctyIsc","[0, 3]"
Our aloe plant is blooming ,[0]
"When a girl says I LOVE U to a boy, the boy says I LOVE U TO But  | | | | | When a Bangladeshi boy... http/fb.me/3bUH6IOPu","[1, 3]"
Best left back ever Sir Roberto Carlos  FANS 200+ LIKES #RKB http/fb.me/6uoC2NYse,"[1, 3]"
"The luxury of the Prophet (PBUH)!!! On the authority of Umar (ra), he said, I am the Messenger of Allah, may God's prayers and peace be upon him... http/fb.me/6IOMfRF5A",[3]
@FalguniKlara Falguni Apu your bio is extreme... ,[0]
"The intention is good, the desire is good.....Congress's bakhliale rice, leaders are good too  #मोडी #देवब॰याकंफुज़ोजन #कीबाहोयपिच़लोई ","[0, 0]"
Bangla Optical Character Reader ... http/fb.me/2a6hLn5At,"[0, 3]"
"""If there is a slight fear in love, that love is sweet.. because, fear of loss.. love for the loved one increases""!!",[1]
Last night Lucas Piazon scored 1 goal & 2 assists for Dutch club Vitesse and won the team  Like ?? #RKB http/fb.me/14PFSZaRh,"[0, 3]"
"By making an ax handle from a tree branch, people cut that tree with that ax. Humans are big ungrateful creatures. ",[0]
A bachelor's degree will not be lost without completing the bachelor's degree.   What's your plan?,"[0, 0]"
"Brother is going to his friend's house for group study.. Mom says ""Satike tell me which girl are you going to meet?""  ","[0, 0]"
"Is love a toy?  I wish I played, I wish I broke it?   I heard many people say that I will break up with her... http/fb.me/6nqOlzx35","[0, 0, 3, 3]"
This gentleman with street children went into expensive fast food to eat all together ...... Salute  http/fb.me/17jSgQwYQ,"[1, 3]"
A little mischief with the camera    http/fb.me/2zu15KGjG,"[0, 3]"
This is the best picketing I know  http/fb.me/1OazV9019,"[0, 3]"
A Nikon 18-55mm lens for sale. Interested contact Fayek Tasneem Khan  http/fb.me/2KMTT9gKv,"[0, 3]"
Sunnah... it's not a choice! It's a must!   Sahabagan used to do all those things with deep passion and love whatever... http/fb.me/1cnhaPJ2c,"[1, 7, 3]"
how FunNnny??  Youth generation leader Shahbag Ganjagaran Manch convener Bangladesh (2nd liberation war) announcer Mr. Imran... http/fb.me/AH6Zdb2P,"[0, 3]"
Quote of the Day  A writer is someone for whom writing is more difficult than others. .....Thomas Mann (German novelist),[0]
Josh!  http/fb.me/20LTFvmBj,"[0, 3]"
"Maximum director comes late to shooting spot, Aisa calls assistants again ",[0]
Good morning everyone…  ,[0]
What's the best thing that happened to you today? — Rebirth of Sound box I was in pain after pressing for so long  http/ask.fm/a/a0qohh96,"[0, 3]"
"Say hero, say ever-elevated mom Shir, Shir Nehari nat Shir that peak of Himadri. - Poet Kazi Nazrul Islam #SRK_JAN ",[1]
"Share with us the story of your first acquaintance with Humayun Sir's book  If you want, you can also message the page! ",[0]
#himu best love quotes ever !! | | | | | | | | | | | Do you know you are eating rice?  ,[0]
Who is fasting today?? ,[0]
"Roast beef with hot rice. After that, the wife again put food in her mouth. What could be a better morning than this?? good morning friends ",[0]
 Good Morning  http/fb.me/TtMbGVa3,"[0, 3]"
Zero cows are better than evil cows !!!! Now the cow house is being cleaned.  ,[0]
Good job Ravi. Keep it free for a few more days ,[0]
Like Our Jokes Page  ---------------------------  Medicine of laughter - you will understand if you eat it ... http: //fb.me/PJWNU85L,"[0, 8]"
"Today 8th December is Comilla Independence Day. On this day in 1971, Pak Hyena was freed from our Comilla ",[0]
Why do you not like the page? ॥ Sikandar Box is now on Facebook.  Sikandar Box   Sikandar... http/fb.me/3iraJa3VJ,"[1, 3]"
Abo-tal  Pasand Haise! There is a fusion fusion feeling!  http/fb.me/6PwHQEGn7,"[0, 0, 3]"
Good morning guys!!! Have a nice day.....,[0]
Cold cold cold wind 3 What can you do to touch me  Love the soft caress of the sheet  I keep this around me  Cold cold cold wind ,"[0, 0, 0, 0]"
Matikantha Samachar  http/fb.me/3dGlXQMFg,"[0, 3]"
Tea is the power of our energy  http/fb.me/2dk8HkuB3,"[0, 3]"
"15 days before the exam, I could not wake up before 9 o'clock despite my best efforts. What irony of destiny! Now I get up at 8 o'clock and sit on Facebook ",[0]
"Late night meat burning status status Facebook is absolutely kebab  God give you the strength to bear this grief of little Polapine, Ameen.",[0]
Last border of Khilgaon to Uttara Airport  I had a restless bike ride  After 9 hours of cycling now... http/fb.me/34dgVKvaQ,"[0, 3]"
Good Morning Deobariya ,[0]
good morning ,[0]
Best wishes for a beautiful breakfast jainya to my little brother Mehedee Hasan... ,[0]
"If you do not sleep, Rasool (SAW) listens to a speech and sleeps...!!! Narrated Aisha (RA): “The Messenger (PBUH) used to sleep every night... http/fb.me/WmFajUKh",[3]
I blew the love I kept for you in some nameless poem.  pic.twitter.com/e8cQpvY7D8,[0]
Ershad sahib speaks beautifully... ... http/fb.me/326wPTxSe,"[0, 3]"
Fatapat (what else like Indians) I killed a few toasts and a mug of dud tea... Ettu Vallagche that Thakurpo! ,[0]
Good Morning Tweets ,[0]
"It takes 30 years for the children of a rich family to grow up. And the children of the poor grow up in 10 years. Thanks a lot, I am 20 years ahead of Dhani's brokers ",[0]
Keo Amare Myraala......  http/fb.me/1vtnDLBtA,"[0, 3]"
I am Bangladeshi. I love my country,[]
Many people think that the most beautiful words in the world are *I LOVE YOU*. But even more favorite saying is when someone... http/fb.me/2fsg1Lb1L,[3]
Heartiest congratulations to the people of Comilla from I Love Bangladesh..... http/fb.me/1a7uPuhUb,[3]
"Don't forget to like I Love My Maa, an awesome page for Maa fans",[]
"If you like it, visit this page. SWEET LOVE SWEET LOVE SWEET LOVE",[]
LOVE THIS ........ You are silent in the heart of the heart. Mom life youth mom Akhil... http/fb.me/6jkA3yE1M,[3]
"I am raw in English, but I can say I LOVE YOU. I'm raw in geography, but can tell where my heart is... http/fb.me/PNO6sLV4",[3]
"Does it take a special person to give love... What happens if you give it to everyone, love never ends... I love you all..",[]
love Jamdani and Tangail Taater Saree Shantiniketan Dhakai Jamdani and Muslin Published Date: 06/12/2013 12:06:57... http/fb.me/LnBhUEb6,[3]
sondor sundor jocks and love story pete akhon a ai page a like din.... you only mine you only mine you only... http/fb.me/2ukaH6RoK,[3]
My new angelfish are extremely shy. I actually ran under the jar tree. Love these little #Angels...,[]
You are my kite... fly in my hand... fly wherever... my sky is full... Love u .... Miss u so much.....,[]
We Are Friends Because We Love Cinema - EI-Samay http/eisamay.indiatimes.com/entertainment/cinema/we-are-friends-because-we-love-cinema/articleshow/26947711.cms … via @Ei_Samay,[3]
Many people think that the most beautiful words in the world are *I LOVE YOU* but even more beloved words are when someone tells you *I LOVE YOU TOO*,[]
Pls like this page sensitive love,[]
Bangladesh U 19 vs Westends U 19 Bangladesh U-19--222/9 over-50 join- We love Bangladesh cricket team,[]
Good morning everyone. I stayed up all night yesterday listening to the love story of Tamim Bhai and Ayesha Bhabhi. I had a lot of fun. Who is their tomorrow... http/fb.me/24Py2lfnM,[3]
Uffffff what a blessing to have a cycle..  I love my cycle ,"[0, 1]"
"I really want to say I love you to someone. Hey rANa, I love you man...",[]
Listen to Tamim / Ayesha 2 of them now on Dhaka FM 90.4! Hope no one misses!! Join-? We love Bangladesh cricket team,[]
1 page of Love or funn so plz like... Color of Love Color of Love Color of Love Color of Love Color of Love Color of Love Color of Love Color of Love Color of Love Color of Love Color of Love Color of Love Color of Love,[]
@shreyaghoshal I love u.....shreya ghoshal so much.,[]
"like this joke and love page like dia active thakun.Facebook Pathshala, come everyone have fun in Facebook Pathshala,... http/fb.me/1QV2Mq9MG",[3]
Love is rocking,[]
"If I have to vote, I will vote for Arshad Kaku... You won't find a funny person like him in the whole world... I Love Arshad Kaku You?",[]
How fast do you fall in love? (Not my question. Picked a random question) — Depends...  http/ask.fm/a/a081eo2n,"[0, 3]"
"Talk about love and love. To get love tips, like this page plz. Color of love. Color of love. Color of love.",[]
https/www.facebook.com/ILoveALLAFFanPageOffical … The username shows when this page is called “I Love Allah”… http/fb.me/VYTpSG6n,[3]
Our beloved Mir @We_Love_Mir brother. https/www.facebook.com/photo.php?fbid=1395641957346808&set=a.1395641650680172.1073741836.100007030509894&type=3&l=305fe55faf&permPage=1 …,[3]
"Happy Independence Day to u Comilla. Today 8th December is Comilla Independence Day. On this day in 1971, our... http/fb.me/6AfQynwZr",[3]
"@s_muntaha13: Where the end is before the beginning can be said / I have a habit of looking for it...""""Good.",[]
"Ok, bye, stay well....stay healthy Good Night _ Rj Sowrov/ Kathabandhu Sourav",[]
feeling  Purai Pankha  What's with so much thinking ... this is how life is going on.,[0]
A good assessment. I do agree... The things that girls notice are lifestyle 23 Agrahayana 1420 |... http/fb.me/6x37e6ws8,[3]
"The hair and beard have grown, the face has a Rabindranath-Rabindranath feeling #feeling Rabindranath Tagore",[]
My appeal to Christian brothers and sisters - http/www.new-muslims.info/bd/new-muslim-experience/feeling/khristan/ …,[3]
Hi friends GOOD MORNING Who wakes up like me and chats on fb? . ...............Answer,[]
#with_buddies #feeling_cold _GoOd MoRnInG FrIeNdZ_,[]
"Now to some ( 5:25 AM) #GoodNight and to some #GoodMorning,,,,, which one to me,,,,, Good Night to me,,,, ok good night everyone.",[]
Sleep is coming. I fell asleep ££££££Good££££££££££££££Night£££££££,[]
~ Good Night ~ ~{  }~ http/fb.me/1wH4reLLm,"[9, 3]"
#good_night_Shubratri When I go to sleep at 10 or 3 in the night for some reason I fail to sleep enough. pic.twitter.com/eHhcjAwepl,[]
Is friendship always a blessing? http/www.bdnewstimes.com/is-friendship-always-good/… via @wpbeginner,[3]
"Good night. Have a Nice Dream. If animals were on Facebook, their status would be - Cockroach: Today is a very difficult one... http/fb.me/28n9lx6eU",[3]
Good night everyone................................................. ........,[]
I will start reading again from tomorrow. such feeling excited... Study i am come in ur home ....  after exam,[0]
Not R today everyone K GOOD NIGHT,[]
2day is my HAPPY day because today I got something,[]
"When I touch you, I get shivers all over my body. The free wings of love touch these lips  Good morning folks  http/fb.me/ZwWABO5b","[0, 1, 3]"
"Greetings Bangladesh ... we can also issue a ""warning"" ... Good Luck Bangladesh http/fb.me/6tuxNyGlR",[3]
.:: Good Morning ::. ~ Good morning ~ http/fb.me/2x72uwmOx,[3]
What to do to be the ideal daughter-in-law! A Good House Wife http/bit.ly/ILojhl,[3]
"I finally fell asleep. Good morning..... Thukku, Good Afternoon..   ",[0]
"The mood of winter, along with a strange chill in the north wind... Happy winter ",[0]
"Happy birthda Amartya Sen (born November 3, 1933) is an Indian Nobel laureate... http/fb.me/3ctmfjFRJ",[3]
"sleep sleep at the end of the night, the sun rose again, smiled and the light of the dawn again,, have a good day everyone .. a new day has begun, let me know this time GÒÒD MØRÑÌÑG",[1]
Best wishes to everyone this winter. GOOD MORNING FRIENDS.,[]
What's up everyone.....you all will be fine....hope you all sleep well...GOOD NIGHT ALL FACEBOOK FRIENDS...,[]
@YourKoel Good Evening Naughty-Sweet Sonadidi. pic.twitter.com/VxjFwFTo7J,[]
"@YourKoel Didi looks so beautiful... RT @Tollyqueenkoel ""A Very Happy Birth Day to Boman Irani Sir  http/fb.me/6A3NIam6W ""","[0, 3]"
﻿My mind is blown after losing to Madrid  Nothing feels good... 2nd home match with Copenhagen.... http/fb.me/2MIEwzs4Z,"[2, 3]"
"I am not a very good person. What are the advantages of actually being good? No, no! I've seen a lot of good ones, it's worth nothing...",[]
One person died in Noakhali after being hit by bricks by picketers ((,[2]
"Don't lose heart if you can't give it. If you can't give happiness, don't give pain. If you can't love, don't act. Don't ruin someone's life by acting.",[]
"Azaira I waste a lot of time in work, it was proved once again today  I feel sleepy during work  This is the problem... http/fb.me/2q2xv8A5H","[2, 3]"
"One liked Vikka, she said she didn't want it  What is the need of all this virtual fame. A little like... http/fb.me/2qRZEla36","[2, 3]"
I wish I could go back a few years  Yes!!! If only I could go back a few years_ then I could correct all my mistakes ,"[2, 2]"
Bangla lion is a boy... > Today's romantic weather has made a bad face... >,[2]
"Postulates Of Special Theory Of Relativity L's admissions don't come to mind ( Total ""lost man"" type stuff ",[2]
It's unbearable to see some close polpines of frnd list hunkypunky with their so called gf.. . . Feeling irritated  ,[0]
"Girls have less anger, boys have more anger...Whoever has more anger has more love...so they suffer more....... ",[2]
Everything has a certain limit but the pain of missing a loved one has no limit.... ,[2]
There is no shortcut to forgetting someone very close. Every day he will be reminded and the memories will continue to hurt him.,[]
I feel very bad. I posted a post but no one liked it.,[]
"Humans are very helpless animals in nature...! Apart from accepting destiny, people have nothing else to do..!!  #XX",[2]
"It's raining outside I want to get wet in the rain But, I am afraid if I catch a cold So don't get wet with fear   ",[2]
"If you can't hurt someone, remember that you will suffer for him one day. ",[2]
I'm very disturbed...  My mood is very bad....,[2]
"My desires are strangely random today.... That touch of reality, a fuzzy feeling of uselessness ",[2]
Nahid Ray is jealous. 7 is studying privately with a teacher ,[2]
"I went to return QB's modem, sorry Ma'a didn't take mine because of the dongle  QB's mother bap ki disco ki disco >",[2]
headache... ,[2]
"After many days Aslam came to the village and now I can't find any of my old friends, everyone is scattered.. ",[2]
 Boko Haram attack in Nigeria kills 28 students at a college in Yobo state in northeastern Nigeria... http/fb.me/L3yVBKs0,"[2, 3]"
People nearby are very busy today  no one has time ,"[2, 3]"
I saw myself and stopped the fever ,[2]
"Although there is a lot of work, when you want to sleep, you will realize that you are not in the mood for work  I am finally... I have become very lazy.",[2]
There is no money on the phone.,[]
What is the problem why I can't like comment on anyone's post????? ,[2]
"You don't have to be lazy to hear the word hello, if you don't talk a little, you don't wake up at night or in the afternoon and get a headache   ",[2]
This is Bilai's service ......... It takes 2 days to connect and the site doesn't load!! Bal ...... > http/fb.me/4niCpEmLA,"[2, 3]"
"Science will follow the rules of science. If religion is sought to be expressed through it, it would be a sign of extreme stupidity ",[2]
Mind!! — #feeling_sad.,[]
Unspoken words in life are more sad than happiness  ,[2]
Falling in love is a very bad thing. Can't even be pulled; He doesn't want to get up even if he wants to pull up.,[]
"I can't laugh, I can't cry - I don't want to live, I can't die - ",[2]
No sleep at night can't lose me but morning sleep will make me lose it right ,[2]
"One day you said I am not alone anymore you are with me !! But today you are not there, your troubles are with me... ",[2]
I am in so much pain ,[2]
Both vacations went in vain ,[2]
Wet in the rain all day and now the situation is like a filling headache...,[2]
Whatever you say bro...I want a golden deer...Aladdin's lamp is not bad...because my purse is starving now  ,"[2, 3]"
We are guilty of anything!   ,[2]
Fever is bad  ,[2]
So sad ,[2]
What's going to happen  can't think about it http/fb.me/M2nf9NVX,"[2, 3]"
"I changed the date of my visit to Dhaka, there are still some problems, there is no use without solving them ",[2]
QB Ray needs to be given a better wash! Slow Net ,[2]
Magical cross from King Leo but Pique misses an easy chance  15 minutes to go - no team in sight of goal.,[2]
"Oof! For a short time, the goal was not. ",[2]
Fever-cold-cough for 3 days. The situation is very bad.. ,[2]
"If you want, there is no way. Meeting with Sir keeping such a ticklish sleeping environment !!! ",[2]
Bhuilai Gesi strike today!!. Cricket aunty was in the morning ,"[2, 3]"
Sometimes I miss you a lot... ,[2]
"I gave a good night's sleep by banging my bangs  Sorry, no one can tolerate my sleep ","[2, 3]"
I have deleted all the previous writing... I sat down with notebook and pen thinking to write something new but without you I have nothing to write ,[2]
I want to be heartbroken ,[2]
"When I was young, I got a lot of pride, but now I lose a lot of things..!! ",[2]
myralamu >,[2]
My most important email id is hank !! Facebook ID and Hank ,[2]
No no no one.. ,[2]
"I don't understand your mind about something, why does it feel so familiar yet unknown? ",[2]
"One day there will be tears in my house, everyone will come in rows to see me again. . .   ",[2]
Want to know the solution to the problem  http/techtun.es/1aKi1ap,"[2, 3]"
"Internet expired today  I have to pay Tk 128 again  I thought that money is a problem, cable for a small amount... http/fb.me/12LwMb2bJ","[2, 3]"
"Really,,,,life could have been different ",[2]
I want to run away  far away ,"[2, 2]"
I gave Goff beard water. Filling - Vimarsh ,[2]
It's raining so much it's not hot ,[2]
Can't find the time needed >,[2]
"Goodbye to Facebook for about 1 month for exams, will miss you all very much. But sometimes it will come to mobile ",[2]
"Stopping the strike during the holidays means ""oil on the head!"" — feeling bored ",[3]
I don't understand why this is happening to me. May Allah give me any kind of pass so that I can appear in next semester  ,[2]
This is what caught me !!!! In the morning there is no in the afternoon and in the evening there is no in the night!!!!! I'm the last one to fall in the middle of this prank  ,[2]
"I have a pain in my chest, no one can solve it ",[2]
Ball matches all!!  No more burning when wet!! > Hope match!! I miss you!!  ,"[2, 2, 2]"
Why is this my lonely life? I can understand its secret today ( And that is to come alone to the world and leave alone.,[2]
I know why life seems black and white ,[2]
"My speechless mobile phone is dumb!!  Due to the huge discussion about SIM change, I have to go back to the old SIM!! Yes... http/fb.me/KUncUUIo","[2, 3]"
Was watching cartoons  damn current gone  http/fb.me/2SkFux36n,"[2, 2, 3]"
Read it on the chip. Life is hell. ,[2]
Ish like now if I had read before exam.......I would have passed for sure  #fellings - Billiant .. I am reading the whole book like a cow's essay.,[2]
I didn't see the subtweet bro ,[2]
"My secret project has not seen success yet ( Anyway, I will wait until the end. I am not disappointed yet.",[2]
Downloading cracked software from mobile is extremely annoying. Feeling Bored. . .,[]
I haven't slept in Rome all day and haven't done any good work ,[2]
Ahana I haven't talked to you even once all day friend..!! miss u.....,[2]
Let's paint a picture of you with both eyes and dream of losing you happily ,[2]
A little while ago I went to the bathroom and saw a chela! Damn... Ga is full of disgust. intolerable I hate reptiles ,[2]
Couldn't reply to someone's message  Windows went again  I went to setup  Asif Uddin Khalifa Faisal Mahmud Mahedi,[2]
There is nothing more painful than waiting : |    ,"[2, 2]"
He does not understand. . . ,[2]
Can't you give me a message?  ,"[2, 2]"
Please help  http/fb.me/Xb1QfZ3u,"[2, 3]"
Nothing looks good............ ,[2]
Featured dogs all around > http/fb.me/3aiavwzYy,"[2, 3]"
Not like this anymore ,[2]
The night bird may have fallen asleep and sleep is running away from me...... ,[2]
Mor Bandua Bihne Go  Sahena Farane Go 󾬎 Ekala Gharete Roite Fari  󾌹 - 󾇌 󾭝 󾭝,[2]
"Mom, where did you put my hartal? Can't find why? ",[2]
I don't like why he doesn't come...  -- I am talking about current!!!,[2]
The sight of an earthworm makes me cringe.,[]
"I can't and I can't, I feel tired, and colorful dreams don't accumulate in the corner of my mind ",[2]
Feeling the need for a mosquito net ,[2]
Without you again....I'm hopeless ,[2]
My favorite cell phone!  I can't post regularly in Bengali anymore! I can't even run Facebook regularly! ,[2]
"I am in great trouble...  There is no water at home since morning... The water tank is broken, there is no water in the tank either...",[2]
It's crazy not to like facebook and twitter all day. ,[2]
Today I am not happy Today I am not happy......,[]
It felt very bad that Man City and Man Utd both teams lost,[]
And I can't even start from that nursery  http/fb.me/2jnS3dX0Q,"[2, 3]"
"@idevadhikari knows one thing...tweeting you and tweeting a tree is one thing! Do not see, do not reply! But why do that! ",[2]
Next rain but I can't see ((,[2]
"Hurray, there is nothing in the house today... I tried to reduce my hunger by eating KitKat, but on the contrary, my hunger got worse >",[2]
"Shit!!! If you enter Facebook, you will see a 5 second video ad!!! ",[2]
"Apart from a few specific people (female caste), the hatred towards the women race increased one more step! ",[2]
I'm thinking of deactivating Facebook again. I don't like virtual anymore. Why? don't know ,[2]
The sound of breaking dreams is loud   ,[2]
So sad to say goodbye to #Shailaj ,[2]
All friends have graduated. And I went to Inter Pass and Thailand. Very sad... ,[2]
Words can't express the hatred the Indian border guards feel ,[2]
Losing my head  How can I take so much pressure together??  Sala's clients are all dying together and beating me  Praying... http/fb.me/KcadamC5,"[2, 3]"
Today was the last day of school.. I feel the cost of ending school life now  All my life I thought about school... http/fb.me/P2z56Oj2,"[2, 3]"
Sometimes it seems that nobody in the world is nobody. Everyone comes near with the need of time and goes away with the gap of time.  ~Shunno Akasher Ghuri~,[2]
Life support is not working                                                                                                                            )))))))))))))))),[2]
"In fact, there is no one in the world to call your own.",[]
"For some reason, if you get better results than me, I'm sure I'll kill the future :S",[]
headache... ,[2]
Disappointment is: The minimum age for marriage has been fixed but not the maximum age. ,[2]
My favorite cell phone!  I can't post regularly in Bengali anymore! I can't even run Facebook regularly! ,[2]
Finally 2 rupees left in the wallet!!! Oh Allah!!! Either show up or pay a bag of money.... #feeling chutia ,[2]
I haven't played Bombing for a long time   .,[2]
How can I tell you who you are? I will walk with my mirror.,[]
"If you go to blue fields, your head will not be right >",[2]
Disgust everything ),[2]
Betta bastard!!!! > http/fb.me/1pY9Ot7KD,"[2, 3]"
I won't play anymore. ,[2]
I know why life seems black and white ,[2]
"It's raining a lot, I want to get wet but ",[2]
I saw myself and stopped the fever ,[2]
People nearby are very busy today  no one has time ,"[2, 3]"
"Although there is a lot of work, when you want to sleep, you will realize that you are not in the mood for work  I am finally... I have become very lazy.",[2]
#SadnessIs true friends everyone is sad it seems I am the only one left ,[2]
Bangla lion is a boy... > Today's romantic weather has made a bad face... >,[2]
fever  ,"[2, 2]"
Issss...!!!!!!! If only Bangladesh had started batting a little earlier (just like they are doing now)............. #Afsos ,[2]
"Ish Sodhi, the average run of the raven, could not expect anything more from this test! ",[2]
Damn vegetarian batting (,[2]
Don't be sad if you lose but don't play for a draw...  Pida... ...,[2]
  Gazi scored a hat trick and I couldn't see it. ,"[2, 3]"
I'm tired of opening new facebook id for minsh  ... how can people? I run an id...,[2]
BNP good bye loot not forgotten > http/fb.me/1pLWsjtsz,"[2, 3]"
"In the morning, before waking up, mother's jhari  If you stay at home all day, you can understand ... how much work at home ....",[2]
"Feeling cold tomorrow with fever  In this condition, I am going to work even on vacation",[2]
"Suffering seems to be a part of life, life is not complete without suffering  If you experience suffering, you understand that there is something called life ","[2, 3]"
"Can't come to Twitter regularly for sleep, games and movies ",[2]
I am being misunderstood..pls pls pls.....miss interpret me... ,[2]
Woke up with mosquito bites. I can't sleep. But the mosquitos of Shala don't leave me ,[2]
Couldn't stand it anymore in the last Aries Idter  I have to fight a lot to come to Facebook  I am getting worse than me...,[2]
I have suffered so long. /,[3]
Jealousy... >,[2]
Fever - headache - fatigue. I do not live anymore?? ,[2]
"I saw a lot, I realized that there is no one who understands me in this world. sorry ",[2]
"Friends, the heart is not good.... Why is it so difficult!!! ",[2]
"The situation is not very good. After a few days, it may be seen that I too will sit in front of Star Jalsa.  Because there is nothing else to do...",[2]
Sorry  I will never disobey you again ,[2]
No one likes me  http/fb.me/ZyL8Syw7,"[2, 3]"
So far I have suffered the most while doing good to people  ... if he comes to pick pockets by being Shala's friend ,"[2, 2]"
Feeling hungry... but nothing cooked yet... ,[2]
"I'm not feeling well, so I'm looking at the pro pics of all my friends ",[2]
Head phone and net are dead at such times because I don't have money ,[2]
with no one....so i see alone....,[2]
Rain in Agartala and how to go out to worship. I don't like it... ,[2]
The rain is over and seems to be coming again  The game is no longer happening today ,"[2, 2]"
Miss Mashrafe Bin Mortaza ,[2]
This time mushi is wrong ,[2]
What is the difference between no internet and load shedding? Gazi's century was missed... ,[2]
I'm tired. I need to sleep. I can't sleep all night ,[2]
Disgust everything ),[2]
"People become friends for their own interests, people become enemies for their own interests, in fact there is nothing in this world without interests.",[]
I heard you are in a lot of trouble after leaving me. But I am not in trouble - only when the shadow of your face shakes the chest...,[]
"Lately, all the strange thoughts are floating in the sea of ​​my mind! ",[2]
How come there is a fair. /,[3]
For the last three weeks why nothing feels good...no house or outside..nothing...my own world is a big stranger to me today!!! All the sorrows of the world are mine today...,[]
"How many years has it been today... on the day of Qurbani Eid, do not cut meat with everyone (",[2]
Stomach became distended after falling in hot water  I want to live in hiding because of this fear but it didn't happen ,"[2, 3]"
"What does this mean? :O Unfortunately, I sent invitations to all phonebook  http/fb.me/2wgTVFaEQ","[2, 3]"
No one invited me...? ,[2]
This time the message doesn't come on the mobile   Because of the new sim..... I am in a very annoying environment.... Every day I have a headache. Strange...,[2]
oh god my god where are you hiding god. ,[2]
I am sorry that I could not send SMS and calls to anyone without money! ,[2]
Baicha Thaika and Karmui or what!  erm expert to jebneo hitarmuna  thane the neck of lungi pechaya moira jay ,"[2, 3]"
"After 5 hours wet in the rain, the head bursts with pain ",[2]
"No matter how much I laugh, how much I cry, it's all meaningless   ",[2]
I want to wish someone's birthday  but it will not be right ,"[2, 3]"
I took out one person's anger on another person...it didn't work at all  Im sorry ,"[2, 3]"
Everyone is busy giving Eid Mubarak status. Some are uploading pictures of their cows and goats  I don't know what to do....,[2]
You insulted me. I told you to come back. I don't want to live without dreams.,[]
"Well, why can't I trust girls? ? plz help me... ",[2]
"As the age increases, the happiness decreases... ",[2]
Let's not be like this with our parents............  http/fb.me/Rgh4GENO,"[2, 3]"
The body hurts a lot  I ate while playing tennis and football in the paved yard in the rain... that Shamrat...,[2]
Gardhav did not say anything... Now who knows if he will be able to study (,[2]
It seems that this time their joy will be washed away by the rain ,[2]
I can't speculate  I just want to see  What happens if I don't have a father  When will I celebrate Eid with my father again  Don't know!!!,"[2, 2, 3]"
I forgot what I was watching on TV under the pressure of advertising. ,[2]
I went out and started raining! ,[2]
A little upset...  Puja is over,[2]
I don't care that Eid is tomorrow ,[2]
At least I didn't expect these words ,[2]
Why does Picchi Picchi Polapine sometimes make me so #confused? ???  #feeling_the_day_is_changing,[3]
"If the mind is so bad, the tears come and run away? how much Feeling Cry",[]
Feeling alone that he is gone... Feeling alone,[]
One notification comes fourteen times or Polapan uploads one picture fourteen times I don't understand feeling,[]
Just feeling unbearable,[]
Feeling #Upset Happy Vijaya Dashami.. @subhashreesotwe http/fb.me/17KQIiYYj,[3]
Pator misses. . . .  [ J.A ],[2]
bye ,[2]
Then my unexpected departure! ,[2]
Did you tell me to get up today?? >,[2]
Tamim can not play without abuse! :@,[]
"I feel extremely annoyed. Target of 256 runs in 45 overs. What happens if you play a bit? Play to win. If more wickets are taken, I will think draw ",[3]
Why can't I keep my stomach down??  Why? Why? Why? Trust me to tell you everything! Why? Why? Why?,[2]
Facebook also started arguing with me. . .  . . . I could give a like in three minutes?! This is a story!!!,[2]
"I can't, brother, like thousands of people to float in everything. > ","[2, 2]"
"@RainnyMemories: After seeing so much, I realized that there is no one in this world who understands me. Sorry  you don't know yourself.",[2]
"It is very easy to lose someone with a small lie...! But,, it is very difficult to get him back even if he tells a thousand truths...!!  ~ma:sh~","[6, 2]"
"@Chhanda_ Apu, you have forgotten me, haven't you? ",[2]
"Even after trying hard all night, I didn't get much sleep. ",[2]
In what age did I wear women's clothes and play sex....!!! Feeling disappointed!!!,[]
There is a limit to feeling unwell... the limit has been crossed...  head is spinning... need rest with refresh mind,[2]
"If you wear white clothes, does your heart become white, if the mud of hypocrisy remains in your heart ",[2]
PayPal not coming to Bangladesh  International online payment gateway PayPal says no to Bangladesh. PayPal is not coming... http/fb.me/1Lu9m92Ui,"[2, 3]"
I spat on the power-hungry Razakar-lover Khaleda > Today she is a mass murderer of Mukti Bahini... http/fb.me/11n31o3mr,"[2, 3]"
Really miss school. ,[2]
Looks Like Someone Is Ignoring Me  #breaksmyheart,[2]
"Satan's persuasion all day, and fear of God, fear of death at night! ",[2]
"Sleep does not come,, sleep is also selfish ...  > ","[3, 2, 2]"
"I missed Dhet, I missed Ray.   Hasina Khaledar Jhagra Miss Kaira Falaichi.",[2]
TV speaker's life has ended 2 years ,[2]
Hot head! >,[2]
Uffffffffff!!!! Reaction after listening to the phone conversation of the two leaders: Are you listening to them   If two people face to face... http/fb.me/2IhnNwYHT,"[2, 3, 3]"
I missed Hasina and Khaleda's heartbreak ,[2]
I feel smaller than the kit I'm wearing underneath. -feeling down ,[3]
Feeling someone Mirala.......,[]
How did I become passive during the strike...... feeling sick and lazy both. ,[2]
Why is human life like this?? -feeling upset ,[2]
Feeling sorry for myself! Life is nothing but a joke...,[]
Our school exam is starting on 23 november oofff feeling sad because of wearing something,[]
"Today's Bangladesh daily front page. Mockery everywhere, feeling annoyed. pic.twitter.com/7t9k6DVaGV",[]
Shakib Al Hasan is sad to think of Ashin number one ,[2]
Dhet Shamsur Rahman didn't get his century for 4 more runs... Really feeling sorry for him.. ,[2]
Is the heat of politics on my body or not? The body feels a little warm. The fever seems to have caught me. — feeling sick.,[]
I am very excited. Neither at home nor outside nor on campus  >,[2]
A day of failure! ,[2]
"Parihma gave it at such a wasteful time  I left the house around 12 o'clock, and I just came back ","[2, 3]"
"Being born in a middle-class family is ironic. I can't stand it, I can't say it either. Purai Maincare Chippa. ",[2]
Gulistan-TSC walk after fasting all day and iftar with 1 lpenlib..starving! ,[2]
Feeling so much sadness,[]
The trouble is that you gave that feeling UltO PalTa,[]
Oops! It's cold outside!!,[]
Boring!!!...... ,[2]
"When trust is lost, people no longer expect anything from him.... — feeling confused.",[]
"Don't know about anything else, but Ronaldo should be awarded the Ballon d'Or for the doggy face and distorted gestures >",[2]
Why is love helpless?,[]
"Shala human society is bad, in which society do we live?",[]
It's 4 am on the clock :-> I know why I don't want to sleep today  Never before..! #Feeling_matha_batha.,[2]
"Have they lost their minds...... all two fours 4, 6 Mairai out..... do you think you can win? #feeling_confused #sadik",[]
Food Porn is the most trashy site in the world. Their posts come out just when the stomach is running >,[2]
"Crack the cocktail or don't crack, strike today.. :-|  ","[2, 2, 2]"
"'I set you free, you can go far away happily, if you stay, you will not come back, I will find happiness in the crowd of hundreds of troubles............ ",[2]
The idea was stolen! Two years ago we were discussing to make a band called The Band. Everything is cool! ... http/fb.me/NtVby5ST,"[2, 3]"
Can't play more than 2 balls lately... ,[2]
"Brother, what did I see? :O Are you a virgin!!! :O fact true? — Sad but truth  http/ask.fm/a/9ob976p1","[2, 3]"
Bangladeshi injured in BSF firing at Haripur border   [ http/offlink.us/G7 ] Which country in the world is so defenseless... http/fb.me/2tMCo9c5b,"[2, 3]"
"I can see another eye shining behind your eyes, I can see it, I understand that you ran away with all my light.. ",[2]
Today my phone display is tarnished from hands down. ,[2]
I forgot what to say in Bengali to miss ,[2]
Strike for 4 days. And people are having trouble ,[2]
Just thinking about the class + makeup class after the strike makes my head hang ,[2]
"Time runs out, only memories remain......... ",[2]
Why don't you understand me ,[2]
I miss the moments of tomorrow very much. ,[2]
I prioritize my dreams more than my love. It cannot be said that the love will be lost in the dream.   ,[2]
The mind is very bad. . . too much . .   ,[2]
I just took the picture to have fun with someone. I got scared myself  Post to scare you... http/fb.me/XKGv3Hbi,"[2, 3]"
You ran away with all the light... ,[2]
"I was talking to someone about a headache in the afternoon, I woke up and saw that I had a terrible headache. . .  It's kinda ok now. . . .",[2]
I came home with so much difficulty to roam around but soon after I got sick  What is there in life ??,[2]
"If you go to the Facebook page, you will understand that even though 10,000 megawatts of electricity has been generated in the country, the light of knowledge has not yet spread. ",[2]
Life swings like a drop of water on a leaf... ,[2]
Israt Shithi's head is upset...and everyone in the house is also upset ,[2]
I came back from failure............... ... [[f9.sad]],[]
Haimanti Ray...I'm very mixed with winter rice.. ,[2]
"Shalar, hijra, spineless fac-rule  still don't understand there is no movement without movement http/fb.me/1L7k6TWxY","[2, 3]"
"When danger comes, it comes from all around ",[2]
Don't let a night as bad as yesterday's come into my life  I don't want such a night to come into anyone's life. Terrible helpless... http/fb.me/2hBeVIuUu,"[2, 3]"
His family is enough to ruin a man's career. I don't think it will be read anymore. ,[2]
There is a game of cricket and there is no Sachin Tendulkar - it will be empty to think.  Sachin Tendulkar,[2]
This was my best friend and Shukhi Rajkonna's daily routine in college  ... no friend but history... http/fb.me/PwXDM9n1,"[2, 3]"
Polada has been talking for two and a half hours. God bless ,[2]
I can't take this Abal Gular anymore. Halara goes on a date in the park every Friday. ,[2]
I lost my sleep because of the happiness of the end of the exam!! ,[2]
"If I had continued with the Degree (Hon's), it would have been 5 years, but it would not have ended!!   :S  #NationalUniversity of Bangladesh News ","[0, 2, 2]"
how does it feel When you want to mingle with the earth???? Definitely don't like it  feeling d same....*sigh*,[0]
Humayun Azad did not criticize Freud. Ekkebar is making perfect criticism. feeling ---- hot head >.< http/fb.me/6KRRTtM6i,[3]
The lack of countrymen is crazy!! Great lack of patriots!! ,[2]
Phone stickers are required to be purchased. I am in financial crisis.....  I have 4 rupees in my pocket ,"[2, 3]"
I know that Rakib Bhai has minimum 54 thousand taka in his card. But I don't understand how much he will take. ,[2]
"Even if the fever is reduced, the cold is not reduced.. ",[2]
"Aare, water is falling in Deiksha chouksh.  http/fb.me/2s4cMoS0w","[2, 3]"
No one can substitute for anyone. Love cannot be taken back.  #Nuhash_Humayun,[2]
In the last 4 days I slept only 6 hours!  I'm exhausted due to work pressure. 4-5 programs today on top of that... http/fb.me/1Q9XFz6ln,"[2, 3]"
It only takes a minute to pass out on Chuka St!!!  Goodbye world! Don't forget me,[2]
"If you want to know the behavior of NASA, why is NASA angry bro  http/fb.me/2cXtA7iDq","[2, 3]"
Mind.....I got your name in the wind....Mind......lost it in the wind........ ,[2]
"One night, one battle. ",[2]
"Life is a narrow path like a railway line, why do you feel so much... ",[2]
"Stopped going around. From now on, life in front of the TV at home begins. Only old memories are there.  pic.twitter.com/N801sP2UXs",[2]
Senior Sister + Junior Brother = A Happy Relationship !! Missing all my beautiful seniors ,[2]
Don't eat noodles > http/fb.me/Nn11vhQ9,"[2, 3]"
It could not be like that... but it is...  Unnecessary... Phew!!,[2]
#Rangpur er winter onk miss korci  #onek thanda naki abar #someone_give_me_the_cold_to_cover_this_is_big_miss ,[2]
"Indian ""Nawab Zaadi"" Haramzadi, why don't you reply my message...??  Give a blank reply once... Kata... http/fb.me/2Xu6meWXy","[2, 3]"
Silent poet in unexplained sleep...  ,[2]
99% people of our country understand only voting as democracy and voting is only a formality...  And... http/fb.me/1qVtZXtMA,"[2, 3]"
"Even if a goat pees, it never becomes a cow. As it is >",[2]
"Among almost all the male dancers known on TV, why do I notice a girly girly feeling? I do not understand the problem. ",[2]
"People will forget Sachin Tendulkar after he quits the game Because, India has now got few cricketers to fill the void ",[2]
"I should leave this country very soon, otherwise I will end up in politics ",[2]
"Marcelo, one of the best leftbacks of the time, is injured again!  Marcelo injured his knee in the training session yesterday. His left... http/fb.me/2xrrpsorI","[2, 3]"
I know why it feels so bad!!  I can't find the stairs under my feet.,[2]
"Everyone has changed, I couldn't change......being nostalgic ",[2]
"Saying with a chest pain ""I am a helpless Chuetian"".  ",[2]
"Biggest typhoon in history in Philippines, death toll exceeds 100  Biggest typhoon in history destroys three-story house in Philippines... http/fb.me/2wcMAgUrj","[2, 3]"
No more jamming ,[2]
"If you go out on the street, you die ",[2]
An Awami League leader was killed in a bomb attack in Jessore's Abhaynagar. ,[2]
"Rashikin Saddid my market t shash re mamma  I am shash! destitute, bankrupt ",[2]
I'm not feeling well... I went to sleep ,[2]
"Ashwin the world's best all-rounder? You will not beat me, I myself Moira Jamu? ",[2]
A seriously depressing post...  http/fb.me/Pt7bkp0h,"[2, 3]"
 So far more than 1200 people have been killed in the Philippines due to the terrible typhoon Haiyan.,[2]
"When I look at your picture, I feel like I forgot all the pain you gave me  It's like everything starts anew, a new... http/fb.me/32gZM2ClL","[2, 3]"
Love for money is dead today. ,[2]
headache ,[2]
"I failed, wounded, killed and shocked. This is the shot that #trisha gave me in the morning   ""amar baga... http/fb.me/18O9O1mUA","[2, 2, 3]"
Unable to talk with uneducated people. They can produce jam on mango trees. Unbelievable >,[2]
Slowly the good days of life are running out  But the dream remains elusive.,[2]
"The Rural Electricity Authority has stopped the unannounced power supply since 8 am, while the generator is broken.  The day is soil",[2]
"﻿#AkashDeep ""AkashDeep lights up . . ."" #Diwali coming...The #Festival of #Light is near. #HappyDiwali  Happy #Deepabali https/www.facebook.com/photo.php?","[0, 3]"
"#good_night_शुवरात्र A sun is setting again, a night is being born!! http/buff.ly/18ZO47f pic.twitter.com/TIWS6WNpMy",[3]
"* Good Morning * Did anyone wake up? But I'm getting up.. If you get up, please like and comment. It's a little early in the morning... http/fb.me/1wi7IrN1K",[3]
* good night * . . . * GOOD NIGHT *,[]
;-):-D:-D Pakistan is losing what fun!Proteus and the beauty,[0]
@FarahPiani: All the trouble is with me!  Because you are a trouble yourself,[2]
@iam_koni Didi: I thought Manna Dey's song will play a lot on channels; Didn't ring! Only news: 'His death'!,[]
@jeet30 Good Night sona dada.....good night ,[0]
@SarimKhan well done ,[0]
@shreyaghoshal Good night. stay well  ,[0]
"@We_Love_Mir May this auspicious day of the year paint you with all its colors, May every moment of the festival be brighter. Eid",[]
" Good Morning  Sleep Sleep At the end of the night, the sun rose again, smiled, and the light of the morning,, have a good day everyone.. Started... http/fb.me/6BeAosu4y","[1, 3]"
12-15 The shop was set on fire ,[2]
"Best couple of 2013, everyone pray  http/fb.me/2sIu8H2Dk","[0, 3]"
"Alhamdulillah, I can walk  http/fb.me/2I3zdqeGm","[0, 3]"
AmnI ColD n Fever A seSh hYa JaiTesi TaR upoR abR polApaIn futo tagayna start kasse    #कोयजेज़मुबपु !!!,"[2, 2]"
Asian Music Hour on Asian Tv at eleven o'clock. Enjoying it ,[0]
"Describe what a good friend means to you? — Someone you can talk to for hours for no reason, saying the same thing over and over... http/ask.fm/a/a045hbni",[3]
Eating chicken Feeling fox  ,[0]
Feeling - sleepy but I don't want to do anything,[]
Feeling a sad  I don't want to see the pages in the name of love.....,[2]
Feeling what is on the forehead! ,[2]
Feeling-nausea listening to Khaleda's phone conversation.,[]
FIFA OSTs are now very popular ,[0]
"Good Morning .. someone's emotions. Don't give love, give love of heart............. because emotional love will one day lose to conscience",[]
Good night Facebook!,[]
Happiness Is 184 to take the target Pakistan 182 all out !! 1 run Hira went! 6 wickets in the last 17 runs!!  ... http/fb.me/SNROUiGh,"[0, 0, 3]"
Happy birthday Maa !! Love you!! Happy birthday mom!! pic.twitter.com/aeCrMFBn6R,[]
Hi frnds good morning. I am the new admin of this page #ovi...... ,[0]
"How to make a woman happy? — Take someone named ``Happy'' to that woman, and she will say, ``Happy!!!!!'' ... http/ask.fm/a/a0hn779i",[3]
"http/www.youtube.com/watch?v=AC_QkM3iMNY … Oysters, my dear, if someone wants to take them away, I will give them death!  own... http/fb.me/19ccPZF8w","[0, 3]"
I was taking bath in the bathroom... suddenly I am feeling something is coming up by my feet!!! I was just shocked! I... http/fb.me/12U0RpSnk,[3]
Like our post or comment to be always with us. Thank you. “Bismillahir Rahmanir Rahim” Assalamu Alaikum... http/fb.me/30vriOCPw,[3]
"Now I'm at kazir dewri, Kazi Bari Ln, Chittagong http/goo.gl/maps/kS7MV Chatting with friends after a long time ","[0, 3]"
Really??!! Everything is possible for seventy-one TV! http/fb.me/34UyrH9x5,[3]
"Sunday-Monday & days wanna kill you again and again!! > [If anyone has a heart problem better not show, I go… http/fb.me/6wYDT2Phm","[2, 3]"
Tor Dabi Ta Ki Vai? ? ? ?    #feeling confused,[3]
wow!! the snail is fast  Enjoyed watching Tarbo ,"[0, 0]"
"There is a little gap in the past, let's go forward for now   When the past topic comes up, I want to go forward ","[0, 0]"
Sometimes tears have to be turned into fire ,[2]
Stepping into Barisal after a long time feels like one's own city. I am feeling different.,[]
"Anant Jalil Bal , and Unreal Stuff by Hindi Nayaks are also good. Typical Bengali ",[2]
"I understand how bad the waiting is when... . . . . . . . . . By downloading something, I sit for it! ",[2]
Meaningless world....brutal everything... .the onslaught of despair... ,[2]
Dishonest company should always be avoided ,[0]
"Earlier, when it was night, I, my brother, Shaan, Saif, Chakku used to sit with tweets. And now it is empty. ",[2]
The flames don't stop (,[2]
Today in life I heard the voice of the cocktail so closely.  I'm scared ,"[0, 2]"
Why is everything so quiet today? There is a pansa pansa taste in everything  Is it just me or yours too?,[2]
"Today I am saying goodbye to all my friends... If I am alive, I will meet again tomorrow, we will talk.... good night my sweet frndzzzzzzzzzzzzzzzz","[1, 1]"
Pity only boss \Mashrafi/ didn't get a wicket,[]
You are our benefactor......... really you are incomparable  http/fb.me/11gm9RgFW,"[0, 3]"
We have nowhere to go. So I am sitting. ,[2]
"See the smile on our little Musi's face? If a wicket is taken, the first person runs to the bowler  kaiF",[0]
Amused by the practice of spelling mistakes in scrolling our TV channels ,[2]
I really miss Saka Chowdhury a lot! He is the only Dildar in Bangladesh politics (talking about actor Dildar) ,[0]
One more day  Time never ends  Can't Wait For #ElClasico #ClasicFCB,[2]
May Allah return the form of Mahmudullah Riyad. Everyone says Amen ,[0]
"Feeling sick, getting lazy day by day ",[2]
"There was hope and love, today there is no hope and no love  ",[2]
"Astaghfirullah, deprived of listening to Begum Zia's lecture, Karlu Ludshedding ",[2]
"Say a word slowly everyone, hear me say, ............GOOD NIGHT..............",[]
"In fact, after being shot, he was dragged to the side of the road in such a way that everyone thought he was dead ",[2]
I want to go to Ireland. Why is Ireland so beautiful?????? Feeling so much romantic!!!!,[]
In Sha Allah we will win tomorrow ,[0]
"Our Marcelo Mamou is injured,  He will miss the upcoming matches for Brazil. Get well soon... http/fb.me/1SchXD9CD","[2, 3]"
Interesting......,[]
"Yes, it is important to have this law in Bangladesh...  http/fb.me/1Pgnq34c6","[2, 3]"
Oops! My feet hurt so much ,[2]
"How do you understand me so much in these few days? u simply mk me feeling so lucky to hv a frnd, a person lyk u in my life... #goody_woody",[]
The artist of this beautiful song is my friend Shahnewaz Piash  http/fb.me/159zpN917,"[0, 3]"
"I am on this side and you are on that side, the river flows in the middle.... Stay in any side, stay well dear Mannade — feeling sad.",[]
The future of this poor country is dark ,[2]
"Without a star star, Argentina is fighting at an even pace. Roar Argentina Argentina =1 (Mexi Rodriguez) Uruguay =1",[]
"A little while ago, 4 cars BGB came to our market! Faka Ilo Faka gone! ",[2]
Just dabbled in photoshop and whatnot  https/www.dropbox.com/s/bo8jc75ch533efu/Happy-New-Year-2014.jpg … http/fb.me/11fbyw7YT,"[0, 3]"
"One day a bird went to a white rose and said, I LOVE U then the rose told the bird that day I changed from white to red... http/fb.me/21msHj7Mv",[3]
"Agree! ""@dk_sadia: Happiness is sleeping with a fan on in October weather """,[0]
Exam !! Only hope strike  ,[2]
"From now on I don't have romantic, excited talk on the phone with my girlfriend anymore    I'm catching it in my ear  fear... http/fb.me/17aPN8VxM","[2, 2, 3]"
"Even after so much searching, I did not meet an honest and sincere person like me #feeling so sad",[]
"For so long, I called Allah in my heart so that Pakistan lost in 2 nights! Let's go! Even if it doesn't happen, it loses by 1 run!!  Remember... http/fb.me/3aY0kMgAu","[0, 3]"
"So much fever and cold and hunger! God knows the condition of the roads. For now, it feels bad to get wet in the rain. ",[2]
"Until now, I understood why Zia is called Shaheed Zia even though she was not martyred in the war!",[]
Its name is #Pakistan!!! #Fuck Pakistan win Bangla! ,[0]
Many Bod Bhai Martmaks in the area are injured and in street mode. There is no one to take to the hospital ,[2]
They will grow up to ride the car and I will cut the grass... ,[2]
"Hey Sophia, don't rob me anymore ",[2]
Oh! I lost  Virat Kohli is the world!! ,"[0, 2]"
Sometimes certain silences make people cry a lot.  ----Dreamless Baluchar.,[2]
"Loving someone from a distance is the most sacred love Because there is no impurity in this love, there is no physical need ",[2]
The work is not done by doing it,[]
Not being able to cry is also very difficult,[]
Looking forward to the 2nd Odiai tomorrow  Bangladesh vs New Zealand  Roar Tiger ,"[0, 0]"
"Tomorrow is October 25. I don't go out, I feel scared. feeling-dear",[]
Tomorrow our test results will be published. That's why now I feel very worried! (,[2]
What a strange girl  I didn't understand anything she said on the phone  Feeling confused ,"[5, 3]"
Care to show what game  http/fb.me/2K24Ujv0i,"[0, 3]"
There is love hidden in some Hate You ,[0]
"There are some people who can change themselves with time.. and those who can't, those are the ones who suffer the most in life... — feeling sad.",[]
To gain something or lose something. I come to earth only to lose Shala. —  feeling guilty.,[2]
No one spoke...  ,"[2, 3]"
"There is no one anywhere that I have walked today, that I have not found alone on the road, so really, who can be seen by the hand and said, I am not good... ",[2]
Once upon a time I was dry!!!   http/fb.me/17ihjmpdz,"[2, 2, 3]"
Sorry for the camera. Couldn't keep it at home ,[2]
"It seems that there is no travel written on the forehead this month!  Even though all the preparations to go to Kuakata were done last week, the bicycle... http/fb.me/1rPUMI3QK","[2, 3]"
when will i go back ,[2]
Comedy show between Hasina and Khaleda ,[0]
"If Khaleda Zia does not accept the invitation, I will go. Munchay to eat chicken! ",[0]
Khaleda is losing the script  Again 48 hours time  Good day ahead Give me 10 minutes to escape,[2]
Looking for you in the dream song today waiting for you Looking for you in the dream song even today I crave your touch ,[2]
It's one thing to trust too much and be The Great Gatsby ,[0]
Music has an unusual ability to make you happy even with pain.,[]
A cup of tea at dusk and my way to Artsail. feeling-lost,[]
Grrrrr head lost  I don't want to do so much work in winter ,"[2, 2]"
"Can't sleep masi-pisi come to my house, ......................................... .................Good night I told you to sit quietly.",[]
I don't understand that a little irregularity with sleep will hurt me like this... Result now Feeling headache Need deep sleep...,[]
Can't sleep in the light of Chad. The light is on the bed....the feeling is wonderful ,[0]
"Think about it, what to do...  If you like it, please like it, share it and let others see it. you...",[7]
Chidar Moa Khai Boisa Boisa.. The thing feels good to eat.. ,[0]
Manna De songs are being talked about on channels ,[2]
I combed my hair...  . .. ... .... I feel tired... ,"[2, 3]"
"Chagur is thinking that it is good that Khaleda has spoken like a brawler, who will understand these people who understand what the public understands ",[0]
I remember when I was little....how many chips I used to eat..... @feeling little kid  http/fb.me/6iov0Wn3G,"[0, 3]"
"I want to know, I really want to know, are you the same as before, or have you changed a lot? ",[2]
I was shocked to see teletalk 3G speed on GP modem ,[2]
"Giraffe...Giraffe...everywhere!!! Happy Giraffe Day!!! moral of the day: be a giraffe, make others a giraffe!!!""",[]
Downloading at 1mbps speed for the first time in my life.....that too sitting at home!!! Earlier speed was 25-30 kb. Bangladesh has come a long way ,[0]
It's good to hear jhagra...  On 71 TV... Hasina-Khaleda phone conversation..listening... ,"[0, 0]"
When you had no one I was the one  Now you've got everything I'm the one  ,"[0, 2, 2]"
"It's raining heavily, I don't want to leave the house ",[2]
If only in 1994 Bangladesh had taken the opportunity to join the optical fiber connection for free or now the average speed of the Internet in Bangladesh would have been 4MB! ,[2]
I don't like the painful mechanical life anymore..... ,[2]
Dhaka city Aisa my wear Jurail  feeling sheiram sheiram ,"[0, 3]"
Does that mean no one cares about Sujata Singh!!! Good ... Good ....,[]
"The last letter written to you remained unfinished due to the irony of time, so even in the midst of evolution, this 'I' is incomplete today... ",[2]
"But PM's sense of humor is good, must admit ",[0]
Watch youth idol Andu's speech. Had a lot of fun  http/fb.me/QT2ao0sp,"[0, 3]"
Stop and go.....  Painful mechanical life ,[2]
How did the two leaders fight? ,[0]
"There is nothing to ask for from the day and nothing to ask for...keep the sadness for tomorrow...for now, life isn't half bad ",[0]
"DELHI EXIT POLL: Congress loses, Padmaful falls in Delhi, good results for Aam Aadmi http/tinyurl.com/lexm4rs",[3]
"While sitting at home for a long time, the hands and feet are growing   Watching mina cartoon ",[0]
Miss you if you don't see  https/www.facebook.com/photo.php?v=4934222052265 …,"[2, 3]"
"Strike of sabotage Bombing by mercenary picketers, vandalism, arson  Life in the capital is about... http/fb.me/R10efc3s","[2, 3]"
I feel very helpless these days... ,[2]
You have to be more modern minded. ,[2]
"A sleepless night, accompanied by a chilling cold wind, and a huge sky and some darkness ",[0]
Naimaaaaaaaaar Goooooooooal asist ,[0]
Nokia's app store is filled with all the world's famous junk apps! >,[2]
I understand the debt.  http/fb.me/298VOHkqk,"[0, 3]"
The bird all ..............does Rob .........................says GOOD MORNING,[]
"Pashan world's Pashan people in exchange for Swath, everyone faints when they are far away, when pride comes near, acting people are cruel, this is their identity. — feeling sad",[]
"A large group of about 30 people, chatted together #feeling excited",[]
Beloved hangs on me. . ,[2]
"Father of the exam, you can open your mind and sing. This old man ended our life.  But I don't care anymore,... http/fb.me/6sO0hVafr","[2, 3]"
In every boy's life there is a girl whom he longs for but never gets... ),[2]
Ahsanullah University of Science and Technology as the first private university to get permanent certificate  http/fb.me/1COsDhMbK,"[0, 3]"
Mourning for the Filipinos ,[2]
I don't miss anything on Facebook. Except for @_Jaati_'s posts ,[2]
Facebook has been hacked again ,[2]
"Lying on the tree, touching your own sorrow, do not sleep, even sleep is selfish!!! ",[2]
I am watching the Bengali movie #The_Black made about the justice system of the pharaoh Diani Hasina of Bengal.. Download link in the comment.. feeling-amazing,[]
Bengali nation never forgets... Water and oil can never mix together. ,[0]
Dad! I did not know the meaning of my name. Now see SAIHAM means LORD!!  ,[0]
father and son How good it felt to climb into the arms of the father. Now I can't get on my father's lap anymore. Feeling sad  http/fb.me/1PzbHlRzy,"[2, 3]"
Messi's injury sadness in Barca's victory Open My Bangladesh http/fb.me/6ntZ8nTbj,[3]
"Baler is making a flyover, nothing is moving.... Muita wants to give aka feeling pissed.",[]
"I completed 1 year of unemployed life, unfortunately I didn't have that two-three months, after 1 year I got an order to wait again for 2/3 months. feeling stuck",[]
"Better  ""@Chhanda_: @sheikhriad1 so happy!! @DasSatabdi the girl is so good, so Lakshmi!  ""","[0, 1]"
"Barrister Rafiqul Haque is giving BNP a good bamboozle lately  Lol, now ATN News",[0]
"Due to the rain, it seems that today's game will not be stopped. That will be the draw. Mominul won't have a few more records from the middle...damn... ",[2]
"Your last letter is wet with rain water, it is torn, the word of the letter is lost in the unknown.. How can I tell you? feeling #khub krp",[]
After many years again in hall lan...  ,"[0, 0]"
"I found you carelessly, why will you be lost now? How can you say that I am alone, look back and I am standing.",[]
Jhagra Kaira Jitta Gayi with elder sister #feeling Mahanayak of third world war,[]
I'm hooked on vural fiber  and I'm getting a runny nose again  #fb,"[2, 3]"
"Fortunately, the two leaders did not have a face-to-face dialogue! ",[0]
Bhavtasi red phone 2 drama Banamu!  ,"[0, 3]"
"Good writers often touch life, mediocre writers touch life, and bad writers touch life… http/fb.me/33kE4fmpQ",[3]
"Love is a great achievement in human life. No one gets love without asking, and no one gets love even after suffering a lot. ",[2]
"A lot of time is going away, I have to do everything myself. A single person's family.  - feeling lack of wife.",[2]
I'm scared ,[2]
I miss mom so much ,[2]
I'm fishing Feeling- Fish is smarter than me. Does not catch. ,[2]
Why do I do such stupid things sometimes …… #feeling helpless,[]
Manik has been arrested.  http/fb.me/3sC6LlyTV,"[2, 3]"
All the physical problems that Manna De suffered from were from my grandfather. Kidney and lung problems ,[2]
Manna Deo got fused this year ,[2]
I listened to the phone conversation of the Honorable Prime Minister and the Leader of the Opposition. How rude and quarrelsome people can be Khaleda Zia... http/fb.me/1XjnCczJs,[3]
There should be a limit to what people want!!!! ,[2]
Masha Allah! How many Muslims are online right now??  Give voice by liking. . . . http/fb.me/2vA36Ch7I,"[0, 3]"
miss u manna kaka ,[2]
"The point is that madam was busy applying make-up in anticipation of a video call, so she did not hear the phone ringing. Her loss was 37 minutes. ",[0]
Having fun...interviewing is fun  http/fb.me/2uCcSCkJ4,"[0, 3]"
I don't know why... ,[2]
Like if you enjoy it..  http/fb.me/6pJtuSWKO,"[0, 3]"
"Madam Khaleda, if you give a strike, you give it in a good way, if you don't give it, don't give it.",[]
Only middle class family people can see the true face of the world.  ,[2]
It seems like everything is over.......  but actually haven't started yet  #Shayal_Pandit's Quotes B |,"[3, 2]"
The execution of war criminals in the damadol of masnad and election is gradually sidelined ,[2]
I did not sleep anymore ... Feeling slapped to myself,[]
"Hot at night, cold in the day, the weather is extreme!!!!! ",[0]
Ancelotti happy having Ronaldo #HalaMadrid http/www.dboxb.com/ancelotti-happy-having-ronaldo/ …,[3]
Is Robi a mobile operator or a thief??? :-C After having MB he is making money !!! :O silly Ravi ,[2]
"For the first time in my life, I am making tea with my own hands! Liger red tea with a little sugar! A different experience!  ",[0]
"I heard Lal's telephone conversation completely, I can't understand Khaleda Zia must watch Hindi serial  Hasina to her... http/fb.me/2Vw8Rb8Yx","[0, 3]"
Red Phone Talk Misty Jhal Talk  https/soundcloud.com/yaseen-fida-hossain/khaleda-hasina-phone … http/fb.me/33mwIiWf7,"[0, 3]"
"A decoration of Brockwall Park, London. Flowers arranged on a bicycle! http/fb.me/2wTtbqbqh",[3]
"My mind became green, fresh and relaxed like the sweetness of a white winter morning. I m feeling heavenly happiness in my life .............",[]
"Did you hear my cry, mother, did you hear my cry today?   ",[2]
Happy Vijaya Dashmi with love and sincere congratulations..,[]
Good wishes Good Night!,[]
"Good morning Today, after many days, I walked barefoot on dewy grass Feeling Awesome ",[0]
Good night  I will sleep with peace now,[0]
I have to sleep early in the morning..I have to get up early in the morning..Mother's strict order ,[2]
Sa. .. La ] Looks like someone trapped me inside a vacuum ,"[2, 3]"
"Well done Sheikh Hasina, this is why it is said that if politics is in the blood, who will lose ",[0]
The truth!!   http/fb.me/2uowNtEL1,"[0, 0, 3]"
Nice story  http/fb.me/PFrMCKBQ,"[0, 3]"
good morning ,[0]
Everyone says that I am too late to reply!! Where?? ,[2]
Supporters like!! #RKB http/fb.me/2Bku0Ekyc,[3]
Time doesn't pass  When will that morning be? And when will we meet ,[2]
Good Morning Friend. http/fb.me/2viR5yGOv,[3]
Hasina you do not say anything!! Ma'am would break the phone. ,[0]
Hasina Khaleda do not live in the net! feeling___someone cut me with a plow Myrala....,[]
Laughing Shash  Official Drama Queen of Cricket  OKAD,[0]
"Laughing,  @sheikhriad1 Vs @dk_sadia",[0]
"Haha, lol hope Atit keeps up the series  http/fb.me/XaWJ5dLK","[0, 3]"
"Hahaha..... What do the bulls say... 60 hours strike from 27th. .. Oh crazy, that day is our exam...   ",[0]
HAHAHAHAHAHAHAHAHAHAHAHAHAHAHAHAHAHAHAHAHAHAHAHAHAHAHAHAHAHAHAHAHAHAHAHAHAHAHAHAHAHAHAHAHAHAHAHAHAHAHAHAHAHAHAHAHAHAHAHAHAHAHAHAHAHAHAHAHAHAHAHAHAHAHAHAHAHAHAHAHAHAHAHAHAHAHAHAHAHAHAHAHAHAHAHAHAHAHAHAHAHAHAHAHAHAHAHAHAHAHAHAHAHAHAHAHAHAHAHAHAHAHAHAHAHAHAHAHAHAHAHAHAHAHAHAHAHAHAHAHAHAHAHAHAHAHAHAHAHAHAHAHAHAHAHAHAHAHAHAHAHAHAHAHAHAHAHAHAHAHAHAHAHAHAHAHAHAHAHAHAHAHAHAHAHAHAHAHAHAHAHAHAHAHAHAHAHAHAHAHA,[]
"As many incidents of vandalism happen during the strike, why not sue Khaleda Zia as a defendant for the alleged incident? - show cause >",[2]
"Hooray!!! It's 12 o'clock! It's 12 o'clock! Hey, not me! At 12 o'clock on the 25th, it is now the 26th! ",[0]
